Workbook

Sheet Tasas_Informalidad_2007-2042
A1: TASAS DE INFORMALIDAD LABORAL: HISTÓRICO Y PROYECCIÓN | 2007–2042 (% Ocupados Informales / Total Ocupados)
A3: Histórico 2007–2026: DANE — Gran Encuesta Integrada de Hogares (GEIH). 2007–2024: serie anual observada. 2025: promedio trimestres móviles Ene-mar a Oct-dic 2025. 2026: dato parcial Ene-mar 2026 (no promedio anual). Proyección 2026–2042: Modelo Lee-Carter (1992), escenario central — ARIMA(0,1,0) con deriva. Varianza explicada (1er factor SVD): 99.1%.
A5: Ciudad | B5: ◀ HISTÓRICO — DANE GEIH | 2007–2026 ▶ | V5: ◀ PROYECCIÓN LEE-CARTER | 2026–2042 ▶
B6: 2007 | C6: 2008 | D6: 2009 | E6: 2010 | F6: 2011 | G6: 2012 | H6: 2013 | I6: 2014 | J6: 2015 | K6: 2016 | L6: 2017 | M6: 2018 | N6: 2019 | O6: 2020 | P6: 2021 | Q6: 2022 | R6: 2023 | S6: 2024 | T6: 2025 | U6: 2026 | V6: 2026 | W6: 2027 | X6: 2028 | Y6: 2029 | Z6: 2030 | AA6: 2031 | AB6: 2032 | AC6: 2033 | AD6: 2034 | AE6: 2035 | AF6: 2036 | AG6: 2037 | AH6: 2038 | AI6: 2039 | AJ6: 2040 | AK6: 2041 | AL6: 2042
A7: ='Historico_GEIH_2007-2026'!A6 -> Bogotá D.C. | B7: ='Historico_GEIH_2007-2026'!B6 -> 47.8 | C7: ='Historico_GEIH_2007-2026'!C6 -> 47.2 | D7: ='Historico_GEIH_2007-2026'!D6 -> 46.8 | E7: ='Historico_GEIH_2007-2026'!E6 -> 46.1 | F7: ='Historico_GEIH_2007-2026'!F6 -> 45.5 | G7: ='Historico_GEIH_2007-2026'!G6 -> 44.8 | H7: ='Historico_GEIH_2007-2026'!H6 -> 44.2 | ... U7: ='Historico_GEIH_2007-2026'!U6 -> 34.0393 | V7: =Tasas_Informalidad_Proy!B6 -> 41.3942 | W7: =Tasas_Informalidad_Proy!C6 -> 41.072 | X7: =Tasas_Informalidad_Proy!D6 -> 40.7523 | Y7: =Tasas_Informalidad_Proy!E6 -> 40.4351 | Z7: =Tasas_Informalidad_Proy!F6 -> 40.1204 | AA7: =Tasas_Informalidad_Proy!G6 -> 39.8081 | AB7: =Tasas_Informalidad_Proy!H6 -> 39.4982 | AC7: =Tasas_Informalidad_Proy!I6 -> 39.1908 | ... AL7: =Tasas_Informalidad_Proy!R6 -> 36.5293
A8: ='Historico_GEIH_2007-2026'!A7 -> Medellín | B8: ='Historico_GEIH_2007-2026'!B7 -> 50.2 | C8: ='Historico_GEIH_2007-2026'!C7 -> 49.5 | D8: ='Historico_GEIH_2007-2026'!D7 -> 48.8 | E8: ='Historico_GEIH_2007-2026'!E7 -> 47.9 | F8: ='Historico_GEIH_2007-2026'!F7 -> 47.1 | G8: ='Historico_GEIH_2007-2026'!G7 -> 46.2 | H8: ='Historico_GEIH_2007-2026'!H7 -> 45.3 | ... U8: ='Historico_GEIH_2007-2026'!U7 -> 38.4318 | V8: =Tasas_Informalidad_Proy!B7 -> 41.6713 | W8: =Tasas_Informalidad_Proy!C7 -> 41.2616 | X8: =Tasas_Informalidad_Proy!D7 -> 40.8561 | Y8: =Tasas_Informalidad_Proy!E7 -> 40.4545 | Z8: =Tasas_Informalidad_Proy!F7 -> 40.0568 | AA8: =Tasas_Informalidad_Proy!G7 -> 39.6631 | AB8: =Tasas_Informalidad_Proy!H7 -> 39.2732 | AC8: =Tasas_Informalidad_Proy!I7 -> 38.8871 | ... AL8: =Tasas_Informalidad_Proy!R7 -> 35.5791
A9: ='Historico_GEIH_2007-2026'!A8 -> Cali | B9: ='Historico_GEIH_2007-2026'!B8 -> 56.5 | C9: ='Historico_GEIH_2007-2026'!C8 -> 55.8 | D9: ='Historico_GEIH_2007-2026'!D8 -> 55.1 | E9: ='Historico_GEIH_2007-2026'!E8 -> 54.5 | F9: ='Historico_GEIH_2007-2026'!F8 -> 53.8 | G9: ='Historico_GEIH_2007-2026'!G8 -> 53.1 | H9: ='Historico_GEIH_2007-2026'!H8 -> 52.5 | ... U9: ='Historico_GEIH_2007-2026'!U8 -> 47.0456 | V9: =Tasas_Informalidad_Proy!B8 -> 48.8136 | W9: =Tasas_Informalidad_Proy!C8 -> 48.4327 | X9: =Tasas_Informalidad_Proy!D8 -> 48.0548 | Y9: =Tasas_Informalidad_Proy!E8 -> 47.6798 | Z9: =Tasas_Informalidad_Proy!F8 -> 47.3078 | AA9: =Tasas_Informalidad_Proy!G8 -> 46.9386 | AB9: =Tasas_Informalidad_Proy!H8 -> 46.5724 | AC9: =Tasas_Informalidad_Proy!I8 -> 46.209 | ... AL9: =Tasas_Informalidad_Proy!R8 -> 43.0633
A10: ='Historico_GEIH_2007-2026'!A9 -> Barranquilla | B10: ='Historico_GEIH_2007-2026'!B9 -> 61.9 | C10: ='Historico_GEIH_2007-2026'!C9 -> 61.2 | D10: ='Historico_GEIH_2007-2026'!D9 -> 60.5 | E10: ='Historico_GEIH_2007-2026'!E9 -> 59.8 | F10: ='Historico_GEIH_2007-2026'!F9 -> 59.2 | G10: ='Historico_GEIH_2007-2026'!G9 -> 58.4 | H10: ='Historico_GEIH_2007-2026'!H9 -> 57.9 | ... U10: ='Historico_GEIH_2007-2026'!U9 -> 51.6121 | V10: =Tasas_Informalidad_Proy!B9 -> 55.1804 | W10: =Tasas_Informalidad_Proy!C9 -> 54.8516 | X10: =Tasas_Informalidad_Proy!D9 -> 54.5248 | Y10: =Tasas_Informalidad_Proy!E9 -> 54.1999 | Z10: =Tasas_Informalidad_Proy!F9 -> 53.8769 | AA10: =Tasas_Informalidad_Proy!G9 -> 53.5558 | AB10: =Tasas_Informalidad_Proy!H9 -> 53.2367 | AC10: =Tasas_Informalidad_Proy!I9 -> 52.9195 | ... AL10: =Tasas_Informalidad_Proy!R9 -> 50.1481
A11: ='Historico_GEIH_2007-2026'!A10 -> Bucaramanga | B11: ='Historico_GEIH_2007-2026'!B10 -> 69.2 | C11: ='Historico_GEIH_2007-2026'!C10 -> 68.5 | D11: ='Historico_GEIH_2007-2026'!D10 -> 67.8 | E11: ='Historico_GEIH_2007-2026'!E10 -> 67.1 | F11: ='Historico_GEIH_2007-2026'!F10 -> 66.4 | G11: ='Historico_GEIH_2007-2026'!G10 -> 65.5 | H11: ='Historico_GEIH_2007-2026'!H10 -> 64.8 | ... U11: ='Historico_GEIH_2007-2026'!U10 -> 42.6957 | V11: =Tasas_Informalidad_Proy!B10 -> 61.0305 | W11: =Tasas_Informalidad_Proy!C10 -> 60.6248 | X11: =Tasas_Informalidad_Proy!D10 -> 60.2218 | Y11: =Tasas_Informalidad_Proy!E10 -> 59.8215 | Z11: =Tasas_Informalidad_Proy!F10 -> 59.4238 | AA11: =Tasas_Informalidad_Proy!G10 -> 59.0288 | AB11: =Tasas_Informalidad_Proy!H10 -> 58.6364 | AC11: =Tasas_Informalidad_Proy!I10 -> 58.2466 | ... AL11: =Tasas_Informalidad_Proy!R10 -> 54.8529
A12: ='Historico_GEIH_2007-2026'!A11 -> Manizales | B12: ='Historico_GEIH_2007-2026'!B11 -> 56.1 | C12: ='Historico_GEIH_2007-2026'!C11 -> 55.4 | D12: ='Historico_GEIH_2007-2026'!D11 -> 54.7 | E12: ='Historico_GEIH_2007-2026'!E11 -> 54.1 | F12: ='Historico_GEIH_2007-2026'!F11 -> 53.4 | G12: ='Historico_GEIH_2007-2026'!G11 -> 52.6 | H12: ='Historico_GEIH_2007-2026'!H11 -> 52.1 | ... U12: ='Historico_GEIH_2007-2026'!U11 -> 35.1318 | V12: =Tasas_Informalidad_Proy!B11 -> 48.5963 | W12: =Tasas_Informalidad_Proy!C11 -> 48.2274 | X12: =Tasas_Informalidad_Proy!D11 -> 47.8614 | Y12: =Tasas_Informalidad_Proy!E11 -> 47.4981 | Z12: =Tasas_Informalidad_Proy!F11 -> 47.1375 | AA12: =Tasas_Informalidad_Proy!G11 -> 46.7797 | AB12: =Tasas_Informalidad_Proy!H11 -> 46.4247 | AC12: =Tasas_Informalidad_Proy!I11 -> 46.0723 | ... AL12: =Tasas_Informalidad_Proy!R11 -> 43.0188
A13: ='Historico_GEIH_2007-2026'!A12 -> Pasto | B13: ='Historico_GEIH_2007-2026'!B12 -> 73.8 | C13: ='Historico_GEIH_2007-2026'!C12 -> 73.1 | D13: ='Historico_GEIH_2007-2026'!D12 -> 72.5 | E13: ='Historico_GEIH_2007-2026'!E12 -> 72 | F13: ='Historico_GEIH_2007-2026'!F12 -> 71.4 | G13: ='Historico_GEIH_2007-2026'!G12 -> 70.5 | H13: ='Historico_GEIH_2007-2026'!H12 -> 70.2 | ... U13: ='Historico_GEIH_2007-2026'!U12 -> 54.4881 | V13: =Tasas_Informalidad_Proy!B12 -> 67.8754 | W13: =Tasas_Informalidad_Proy!C12 -> 67.5826 | X13: =Tasas_Informalidad_Proy!D12 -> 67.2911 | Y13: =Tasas_Informalidad_Proy!E12 -> 67.0008 | Z13: =Tasas_Informalidad_Proy!F12 -> 66.7118 | AA13: =Tasas_Informalidad_Proy!G12 -> 66.4241 | AB13: =Tasas_Informalidad_Proy!H12 -> 66.1376 | AC13: =Tasas_Informalidad_Proy!I12 -> 65.8523 | ... AL13: =Tasas_Informalidad_Proy!R12 -> 63.3395
A14: ='Historico_GEIH_2007-2026'!A13 -> Pereira | B14: ='Historico_GEIH_2007-2026'!B13 -> 63.5 | C14: ='Historico_GEIH_2007-2026'!C13 -> 62.8 | D14: ='Historico_GEIH_2007-2026'!D13 -> 62.1 | E14: ='Historico_GEIH_2007-2026'!E13 -> 61.5 | F14: ='Historico_GEIH_2007-2026'!F13 -> 60.8 | G14: ='Historico_GEIH_2007-2026'!G13 -> 60 | H14: ='Historico_GEIH_2007-2026'!H13 -> 59.5 | ... U14: ='Historico_GEIH_2007-2026'!U13 -> 39.3332 | V14: =Tasas_Informalidad_Proy!B13 -> 56.5056 | W14: =Tasas_Informalidad_Proy!C13 -> 56.1586 | X14: =Tasas_Informalidad_Proy!D13 -> 55.8138 | Y14: =Tasas_Informalidad_Proy!E13 -> 55.471 | Z14: =Tasas_Informalidad_Proy!F13 -> 55.1303 | AA14: =Tasas_Informalidad_Proy!G13 -> 54.7918 | AB14: =Tasas_Informalidad_Proy!H13 -> 54.4553 | AC14: =Tasas_Informalidad_Proy!I13 -> 54.1209 | ... AL14: =Tasas_Informalidad_Proy!R13 -> 51.202
A15: ='Historico_GEIH_2007-2026'!A14 -> Cúcuta | B15: ='Historico_GEIH_2007-2026'!B14 -> 76.9 | C15: ='Historico_GEIH_2007-2026'!C14 -> 76.2 | D15: ='Historico_GEIH_2007-2026'!D14 -> 75.5 | E15: ='Historico_GEIH_2007-2026'!E14 -> 74.8 | F15: ='Historico_GEIH_2007-2026'!F14 -> 74.1 | G15: ='Historico_GEIH_2007-2026'!G14 -> 73.2 | H15: ='Historico_GEIH_2007-2026'!H14 -> 72.5 | ... U15: ='Historico_GEIH_2007-2026'!U14 -> 62.2944 | V15: =Tasas_Informalidad_Proy!B14 -> 69.0362 | W15: =Tasas_Informalidad_Proy!C14 -> 68.645 | X15: =Tasas_Informalidad_Proy!D14 -> 68.256 | Y15: =Tasas_Informalidad_Proy!E14 -> 67.8693 | Z15: =Tasas_Informalidad_Proy!F14 -> 67.4847 | AA15: =Tasas_Informalidad_Proy!G14 -> 67.1023 | AB15: =Tasas_Informalidad_Proy!H14 -> 66.722 | AC15: =Tasas_Informalidad_Proy!I14 -> 66.344 | ... AL15: =Tasas_Informalidad_Proy!R14 -> 63.0362
A16: ='Historico_GEIH_2007-2026'!A15 -> Ibagué | B16: ='Historico_GEIH_2007-2026'!B15 -> 66.1 | C16: ='Historico_GEIH_2007-2026'!C15 -> 65.4 | D16: ='Historico_GEIH_2007-2026'!D15 -> 64.7 | E16: ='Historico_GEIH_2007-2026'!E15 -> 64.1 | F16: ='Historico_GEIH_2007-2026'!F15 -> 63.4 | G16: ='Historico_GEIH_2007-2026'!G15 -> 63 | H16: ='Historico_GEIH_2007-2026'!H15 -> 62.5 | ... U16: ='Historico_GEIH_2007-2026'!U15 -> 45.3417 | V16: =Tasas_Informalidad_Proy!B15 -> 59.7518 | W16: =Tasas_Informalidad_Proy!C15 -> 59.4373 | X16: =Tasas_Informalidad_Proy!D15 -> 59.1246 | Y16: =Tasas_Informalidad_Proy!E15 -> 58.8134 | Z16: =Tasas_Informalidad_Proy!F15 -> 58.5039 | AA16: =Tasas_Informalidad_Proy!G15 -> 58.1961 | AB16: =Tasas_Informalidad_Proy!H15 -> 57.8898 | AC16: =Tasas_Informalidad_Proy!I15 -> 57.5852 | ... AL16: =Tasas_Informalidad_Proy!R15 -> 54.9146
A17: ='Historico_GEIH_2007-2026'!A16 -> Montería | B17: ='Historico_GEIH_2007-2026'!B16 -> 80.2 | C17: ='Historico_GEIH_2007-2026'!C16 -> 79.5 | D17: ='Historico_GEIH_2007-2026'!D16 -> 78.8 | E17: ='Historico_GEIH_2007-2026'!E16 -> 78.2 | F17: ='Historico_GEIH_2007-2026'!F16 -> 77.5 | G17: ='Historico_GEIH_2007-2026'!G16 -> 77 | H17: ='Historico_GEIH_2007-2026'!H16 -> 76.5 | ... U17: ='Historico_GEIH_2007-2026'!U16 -> 55.8173 | V17: =Tasas_Informalidad_Proy!B16 -> 73.328 | W17: =Tasas_Informalidad_Proy!C16 -> 72.9845 | X17: =Tasas_Informalidad_Proy!D16 -> 72.6426 | Y17: =Tasas_Informalidad_Proy!E16 -> 72.3023 | Z17: =Tasas_Informalidad_Proy!F16 -> 71.9636 | AA17: =Tasas_Informalidad_Proy!G16 -> 71.6265 | AB17: =Tasas_Informalidad_Proy!H16 -> 71.2909 | AC17: =Tasas_Informalidad_Proy!I16 -> 70.957 | ... AL17: =Tasas_Informalidad_Proy!R16 -> 68.0208
A18: ='Historico_GEIH_2007-2026'!A17 -> Cartagena | B18: ='Historico_GEIH_2007-2026'!B17 -> 61.5 | C18: ='Historico_GEIH_2007-2026'!C17 -> 60.8 | D18: ='Historico_GEIH_2007-2026'!D17 -> 60.2 | E18: ='Historico_GEIH_2007-2026'!E17 -> 59.5 | F18: ='Historico_GEIH_2007-2026'!F17 -> 58.8 | G18: ='Historico_GEIH_2007-2026'!G17 -> 58.2 | H18: ='Historico_GEIH_2007-2026'!H17 -> 57.8 | ... U18: ='Historico_GEIH_2007-2026'!U17 -> 45.7121 | V18: =Tasas_Informalidad_Proy!B17 -> 55.1 | W18: =Tasas_Informalidad_Proy!C17 -> 54.7844 | X18: =Tasas_Informalidad_Proy!D17 -> 54.4707 | Y18: =Tasas_Informalidad_Proy!E17 -> 54.1588 | Z18: =Tasas_Informalidad_Proy!F17 -> 53.8487 | AA18: =Tasas_Informalidad_Proy!G17 -> 53.5403 | AB18: =Tasas_Informalidad_Proy!H17 -> 53.2337 | AC18: =Tasas_Informalidad_Proy!I17 -> 52.9288 | ... AL18: =Tasas_Informalidad_Proy!R17 -> 50.2626
... A29: ='Historico_GEIH_2007-2026'!A28 -> Sincelejo | B29: ='Historico_GEIH_2007-2026'!B28 -> 73.9 | C29: ='Historico_GEIH_2007-2026'!C28 -> 73.2 | D29: ='Historico_GEIH_2007-2026'!D28 -> 72.5 | E29: ='Historico_GEIH_2007-2026'!E28 -> 71.9 | F29: ='Historico_GEIH_2007-2026'!F28 -> 71.2 | G29: ='Historico_GEIH_2007-2026'!G28 -> 70.5 | H29: ='Historico_GEIH_2007-2026'!H28 -> 70.1 | ... U29: ='Historico_GEIH_2007-2026'!U28 -> 67.2378 | V29: =Tasas_Informalidad_Proy!B28 -> 67.2907 | W29: =Tasas_Informalidad_Proy!C28 -> 66.9637 | X29: =Tasas_Informalidad_Proy!D28 -> 66.6383 | Y29: =Tasas_Informalidad_Proy!E28 -> 66.3145 | Z29: =Tasas_Informalidad_Proy!F28 -> 65.9923 | AA29: =Tasas_Informalidad_Proy!G28 -> 65.6716 | AB29: =Tasas_Informalidad_Proy!H28 -> 65.3525 | AC29: =Tasas_Informalidad_Proy!I28 -> 65.035 | ... AL29: =Tasas_Informalidad_Proy!R28 -> 62.2456
A32: ='Historico_GEIH_2007-2026'!A31 -> Índice κₜ Lee-Carter (histórico) | B32: ='Historico_GEIH_2007-2026'!B31 -> 1.357218 | C32: ='Historico_GEIH_2007-2026'!C31 -> 1.12127 | D32: ='Historico_GEIH_2007-2026'!D31 -> 0.890735 | E32: ='Historico_GEIH_2007-2026'!E31 -> 0.662383 | F32: ='Historico_GEIH_2007-2026'!F31 -> 0.417758 | G32: ='Historico_GEIH_2007-2026'!G31 -> 0.163599 | H32: ='Historico_GEIH_2007-2026'!H31 -> -0.031979 | ... U32: ='Historico_GEIH_2007-2026'!U31 -> -5.6456896

Sheet Portada
A1: PROYECCIÓN DE TASAS DE INFORMALIDAD LABORAL
B10: Ciudades cubiertas: | D10: 23 ciudades de cobertura GEIH-DANE
B11: Horizonte de proyección: | D11: 2026 – 2042
B12: Metodología: | D12: Modelo Lee-Carter (1992) adaptado — igual criterio DANE-PPED 2025
B13: Proyección κₜ: | D13: Random Walk con Deriva — ARIMA(0,1,0) con intercepto
B14: Insumo poblacional: | D14: DANE PPED 2025 — PPED-AreaSexoEdadMun-2018-2042_VP
B15: Tasas históricas: | D15: DANE GEIH, promedio anual 2007-2024
B16: Producido por: | D16: Prométricas — Procesamiento estadístico, junio 2026
B17: Criterio de informalidad: | D17: Ocupados en establecimientos ≤ 5 trabajadores (DANE GEIH)
B18: Varianza explicada (1er factor): | D18: 99.1%

Sheet Tasas_Informalidad_Proy
A1: TASAS DE INFORMALIDAD LABORAL PROYECTADAS — ESCENARIO CENTRAL | 2026–2042 (% Ocupados Informales / Total Ocupados)
A3: Valores proyectados por modelo Lee-Carter (1992). Varianza explicada por 1er componente SVD: 99.1%. Fuente histórica: DANE GEIH 2007-2024.
A5: Ciudad | B5: 2026 | C5: 2027 | D5: 2028 | E5: 2029 | F5: 2030 | G5: 2031 | H5: 2032 | I5: 2033 | J5: 2034 | K5: 2035 | L5: 2036 | M5: 2037 | N5: 2038 | O5: 2039 | P5: 2040 | Q5: 2041 | R5: 2042
A6: Bogotá D.C. | B6: 41.3942 | C6: 41.072 | D6: 40.7523 | E6: 40.4351 | F6: 40.1204 | G6: 39.8081 | H6: 39.4982 | I6: 39.1908 | J6: 38.8857 | K6: 38.5831 | L6: 38.2827 | M6: 37.9848 | N6: 37.6891 | O6: 37.3958 | P6: 37.1047 | Q6: 36.8159 | R6: 36.5293
A7: Medellín | B7: 41.6713 | C7: 41.2616 | D7: 40.8561 | E7: 40.4545 | F7: 40.0568 | G7: 39.6631 | H7: 39.2732 | I7: 38.8871 | J7: 38.5049 | K7: 38.1264 | L7: 37.7516 | M7: 37.3805 | N7: 37.0131 | O7: 36.6493 | P7: 36.289 | Q7: 35.9323 | R7: 35.5791
A8: Cali | B8: 48.8136 | C8: 48.4327 | D8: 48.0548 | E8: 47.6798 | F8: 47.3078 | G8: 46.9386 | H8: 46.5724 | I8: 46.209 | J8: 45.8484 | K8: 45.4906 | L8: 45.1356 | M8: 44.7835 | N8: 44.434 | O8: 44.0873 | P8: 43.7433 | Q8: 43.4019 | R8: 43.0633
A9: Barranquilla | B9: 55.1804 | C9: 54.8516 | D9: 54.5248 | E9: 54.1999 | F9: 53.8769 | G9: 53.5558 | H9: 53.2367 | I9: 52.9195 | J9: 52.6041 | K9: 52.2907 | L9: 51.9791 | M9: 51.6693 | N9: 51.3614 | O9: 51.0554 | P9: 50.7511 | Q9: 50.4487 | R9: 50.1481
A10: Bucaramanga | B10: 61.0305 | C10: 60.6248 | D10: 60.2218 | E10: 59.8215 | F10: 59.4238 | G10: 59.0288 | H10: 58.6364 | I10: 58.2466 | J10: 57.8593 | K10: 57.4747 | L10: 57.0926 | M10: 56.7131 | N10: 56.3361 | O10: 55.9616 | P10: 55.5896 | Q10: 55.22 | R10: 54.8529
A11: Manizales | B11: 48.5963 | C11: 48.2274 | D11: 47.8614 | E11: 47.4981 | F11: 47.1375 | G11: 46.7797 | H11: 46.4247 | I11: 46.0723 | J11: 45.7226 | K11: 45.3755 | L11: 45.0311 | M11: 44.6893 | N11: 44.3501 | O11: 44.0135 | P11: 43.6794 | Q11: 43.3478 | R11: 43.0188
A12: Pasto | B12: 67.8754 | C12: 67.5826 | D12: 67.2911 | E12: 67.0008 | F12: 66.7118 | G12: 66.4241 | H12: 66.1376 | I12: 65.8523 | J12: 65.5682 | K12: 65.2854 | L12: 65.0038 | M12: 64.7234 | N12: 64.4442 | O12: 64.1662 | P12: 63.8894 | Q12: 63.6139 | R12: 63.3395
A13: Pereira | B13: 56.5056 | C13: 56.1586 | D13: 55.8138 | E13: 55.471 | F13: 55.1303 | G13: 54.7918 | H13: 54.4553 | I13: 54.1209 | J13: 53.7885 | K13: 53.4582 | L13: 53.1299 | M13: 52.8036 | N13: 52.4793 | O13: 52.1571 | P13: 51.8368 | Q13: 51.5184 | R13: 51.202
A14: Cúcuta | B14: 69.0362 | C14: 68.645 | D14: 68.256 | E14: 67.8693 | F14: 67.4847 | G14: 67.1023 | H14: 66.722 | I14: 66.344 | J14: 65.968 | K14: 65.5942 | L14: 65.2225 | M14: 64.8529 | N14: 64.4855 | O14: 64.1201 | P14: 63.7567 | Q14: 63.3954 | R14: 63.0362
A15: Ibagué | B15: 59.7518 | C15: 59.4373 | D15: 59.1246 | E15: 58.8134 | F15: 58.5039 | G15: 58.1961 | H15: 57.8898 | I15: 57.5852 | J15: 57.2822 | K15: 56.9807 | L15: 56.6809 | M15: 56.3826 | N15: 56.0859 | O15: 55.7907 | P15: 55.4972 | Q15: 55.2051 | R15: 54.9146
A16: Montería | B16: 73.328 | C16: 72.9845 | D16: 72.6426 | E16: 72.3023 | F16: 71.9636 | G16: 71.6265 | H16: 71.2909 | I16: 70.957 | J16: 70.6246 | K16: 70.2937 | L16: 69.9644 | M16: 69.6367 | N16: 69.3104 | O16: 68.9857 | P16: 68.6626 | Q16: 68.3409 | R16: 68.0208
A17: Cartagena | B17: 55.1 | C17: 54.7844 | D17: 54.4707 | E17: 54.1588 | F17: 53.8487 | G17: 53.5403 | H17: 53.2337 | I17: 52.9288 | J17: 52.6257 | K17: 52.3244 | L17: 52.0247 | M17: 51.7268 | N17: 51.4306 | O17: 51.1361 | P17: 50.8433 | Q17: 50.5521 | R17: 50.2626
... A28: Sincelejo | B28: 67.2907 | C28: 66.9637 | D28: 66.6383 | E28: 66.3145 | F28: 65.9923 | G28: 65.6716 | H28: 65.3525 | I28: 65.035 | J28: 64.719 | K28: 64.4045 | L28: 64.0916 | M28: 63.7801 | N28: 63.4702 | O28: 63.1618 | P28: 62.8549 | Q28: 62.5495 | R28: 62.2456

Sheet IC_95pct
A1: INTERVALOS DE CONFIANZA AL 95% — TASAS DE INFORMALIDAD PROYECTADAS | 2026–2042
A4: Ciudad | B4: Año | C4: Escenario Central (%) | D4: Límite Inferior 95% (%) | E4: Límite Superior 95% (%) | F4: Amplitud IC (pp) | G4: PEA 15-64
A5: Bogotá D.C. | B5: 2026 | C5: 41.3942 | D5: 38.8729 | E5: 44.0789 | F5: =E5-D5 -> 5.206 | G5: =Ocupados_Proy!$D$5 -> 5694816
A6: Medellín | B6: 2026 | C6: 41.6713 | D6: 38.4888 | E6: 45.1168 | F6: =E6-D6 -> 6.628 | G6: =Ocupados_Proy!$D$6 -> 1772378
A7: Cali | B7: 2026 | C7: 48.8136 | D7: 45.8332 | E7: 51.9879 | F7: =E7-D7 -> 6.1547 | G7: =Ocupados_Proy!$D$7 -> 1576113
A8: Barranquilla | B8: 2026 | C8: 55.1804 | D8: 52.5908 | E8: 57.8975 | F8: =E8-D8 -> 5.3067 | G8: =Ocupados_Proy!$D$8 -> 864371
A9: Bucaramanga | B9: 2026 | C9: 61.0305 | D9: 57.8431 | E9: 64.3937 | F9: =E9-D9 -> 6.5506 | G9: =Ocupados_Proy!$D$9 -> 424315
A10: Manizales | B10: 2026 | C10: 48.5963 | D10: 45.7079 | E10: 51.6672 | F10: =E10-D10 -> 5.9593 | G10: =Ocupados_Proy!$D$10 -> 328451
A11: Pasto | B11: 2026 | C11: 67.8754 | D11: 65.5563 | E11: 70.2766 | F11: =E11-D11 -> 4.7203 | G11: =Ocupados_Proy!$D$11 -> 288315
A12: Pereira | B12: 2026 | C12: 56.5056 | D12: 53.7745 | E12: 59.3755 | F12: =E12-D12 -> 5.601 | G12: =Ocupados_Proy!$D$12 -> 331654
A13: Cúcuta | B13: 2026 | C13: 69.0362 | D13: 65.9522 | E13: 72.2644 | F13: =E13-D13 -> 6.3122 | G13: =Ocupados_Proy!$D$13 -> 548702
A14: Ibagué | B14: 2026 | C14: 59.7518 | D14: 57.2694 | E14: 62.3418 | F14: =E14-D14 -> 5.0724 | G14: =Ocupados_Proy!$D$14 -> 378451
A15: Montería | B15: 2026 | C15: 73.328 | D15: 70.6106 | E15: 76.1501 | F15: =E15-D15 -> 5.5395 | G15: =Ocupados_Proy!$D$15 -> 390914
A16: Cartagena | B16: 2026 | C16: 55.1 | D16: 52.613 | E16: 57.7045 | F16: =E16-D16 -> 5.0915 | G16: =Ocupados_Proy!$D$16 -> 673241
A17: Villavicencio | B17: 2026 | C17: 60.3126 | D17: 57.7552 | E17: 62.9832 | F17: =E17-D17 -> 5.228 | G17: =Ocupados_Proy!$D$17 -> 409780
A18: Tunja | B18: 2026 | C18: 60.1797 | D18: 57.7241 | E18: 62.7398 | F18: =E18-D18 -> 5.0157 | G18: =Ocupados_Proy!$D$18 -> 136338
A19: Florencia | B19: 2026 | C19: 74.5564 | D19: 71.9401 | E19: 77.2679 | F19: =E19-D19 -> 5.3278 | G19: =Ocupados_Proy!$D$19 -> 129659
A20: Popayán | B20: 2026 | C20: 68.081 | D20: 65.5656 | E20: 70.6929 | F20: =E20-D20 -> 5.1273 | G20: =Ocupados_Proy!$D$20 -> 248848
A21: Valledupar | B21: 2026 | C21: 66.6179 | D21: 64.0477 | E21: 69.2913 | F21: =E21-D21 -> 5.2436 | G21: =Ocupados_Proy!$D$21 -> 421498
A22: Quibdó | B22: 2026 | C22: 77.5699 | D22: 74.9559 | E22: 80.2751 | F22: =E22-D22 -> 5.3192 | G22: =Ocupados_Proy!$D$22 -> 95484
A23: Neiva | B23: 2026 | C23: 64.0151 | D23: 61.4889 | E23: 66.645 | F23: =E23-D23 -> 5.1561 | G23: =Ocupados_Proy!$D$23 -> 276241
A24: Riohacha | B24: 2026 | C24: 72.3136 | D24: 69.73 | E24: 74.9928 | F24: =E24-D24 -> 5.2628 | G24: =Ocupados_Proy!$D$24 -> 137916
A25: Santa Marta | B25: 2026 | C25: 57.7023 | D25: 55.179 | E25: 60.3411 | F25: =E25-D25 -> 5.1621 | G25: =Ocupados_Proy!$D$25 -> 402356
A26: Armenia | B26: 2026 | C26: 53.9082 | D26: 51.3628 | E26: 56.5798 | F26: =E26-D26 -> 5.217 | G26: =Ocupados_Proy!$D$26 -> 208250
A27: Sincelejo | B27: 2026 | C27: 67.2907 | D27: 64.7057 | E27: 69.9789 | F27: =E27-D27 -> 5.2732 | G27: =Ocupados_Proy!$D$27 -> 221871
A28: Bogotá D.C. | B28: 2027 | C28: 41.072 | D28: 38.0294 | E28: 44.3579 | F28: =E28-D28 -> 6.3285 | G28: =Ocupados_Proy!$D$28 -> 5690929
A29: Medellín | B29: 2027 | C29: 41.2616 | D29: 37.4361 | E29: 45.4781 | F29: =E29-D29 -> 8.042 | G29: =Ocupados_Proy!$D$29 -> 1766956
A30: Cali | B30: 2027 | C30: 48.4327 | D30: 44.8362 | E30: 52.3177 | F30: =E30-D30 -> 7.4815 | G30: =Ocupados_Proy!$D$30 -> 1568387
A31: Barranquilla | B31: 2027 | C31: 54.8516 | D31: 51.7158 | E31: 58.1776 | F31: =E31-D31 -> 6.4618 | G31: =Ocupados_Proy!$D$31 -> 861851
A32: Bucaramanga | B32: 2027 | C32: 60.6248 | D32: 56.77 | E32: 64.7414 | F32: =E32-D32 -> 7.9714 | G32: =Ocupados_Proy!$D$32 -> 424405
A33: Manizales | B33: 2027 | C33: 48.2274 | D33: 44.7405 | E33: 51.9861 | F33: =E33-D33 -> 7.2456 | G33: =Ocupados_Proy!$D$33 -> 330248
A34: Pasto | B34: 2027 | C34: 67.5826 | D34: 64.7655 | E34: 70.5223 | F34: =E34-D34 -> 5.7568 | G34: =Ocupados_Proy!$D$34 -> 289337
A35: Pereira | B35: 2027 | C35: 56.1586 | D35: 52.8525 | E35: 59.6715 | F35: =E35-D35 -> 6.819 | G35: =Ocupados_Proy!$D$35 -> 331418
A36: Cúcuta | B36: 2027 | C36: 68.645 | D36: 64.9084 | E36: 72.5968 | F36: =E36-D36 -> 7.6884 | G36: =Ocupados_Proy!$D$36 -> 548829
A37: Ibagué | B37: 2027 | C37: 59.4373 | D37: 56.4273 | E37: 62.6079 | F37: =E37-D37 -> 6.1806 | G37: =Ocupados_Proy!$D$37 -> 379844
A38: Montería | B38: 2027 | C38: 72.9845 | D38: 69.6858 | E38: 76.4394 | F38: =E38-D38 -> 6.7536 | G38: =Ocupados_Proy!$D$38 -> 398865
A39: Cartagena | B39: 2027 | C39: 54.7844 | D39: 51.7715 | E39: 57.9727 | F39: =E39-D39 -> 6.2012 | G39: =Ocupados_Proy!$D$39 -> 673082
A40: Villavicencio | B40: 2027 | C40: 59.9885 | D40: 56.8883 | E40: 63.2577 | F40: =E40-D40 -> 6.3694 | G40: =Ocupados_Proy!$D$40 -> 413292
A41: Tunja | B41: 2027 | C41: 59.8688 | D41: 56.8907 | E41: 63.0028 | F41: =E41-D41 -> 6.1121 | G41: =Ocupados_Proy!$D$41 -> 137750
A42: Florencia | B42: 2027 | C42: 74.226 | D42: 71.0486 | E42: 77.5455 | F42: =E42-D42 -> 6.4969 | G42: =Ocupados_Proy!$D$42 -> 131492
A43: Popayán | B43: 2027 | C43: 67.763 | D43: 64.7095 | E43: 70.9606 | F43: =E43-D43 -> 6.2511 | G43: =Ocupados_Proy!$D$43 -> 251108
A44: Valledupar | B44: 2027 | C44: 66.2928 | D44: 63.174 | E44: 69.5656 | F44: =E44-D44 -> 6.3916 | G44: =Ocupados_Proy!$D$44 -> 432509
A45: Quibdó | B45: 2027 | C45: 77.24 | D45: 74.0643 | E45: 80.5518 | F45: =E45-D45 -> 6.4875 | G45: =Ocupados_Proy!$D$45 -> 97027
A46: Neiva | B46: 2027 | C46: 63.6954 | D46: 60.6307 | E46: 66.915 | F46: =E46-D46 -> 6.2843 | G46: =Ocupados_Proy!$D$46 -> 280626
A47: Riohacha | B47: 2027 | C47: 71.9872 | D47: 68.85 | E47: 75.2673 | F47: =E47-D47 -> 6.4173 | G47: =Ocupados_Proy!$D$47 -> 139379
A48: Santa Marta | B48: 2027 | C48: 57.3824 | D48: 54.3243 | E48: 60.6126 | F48: =E48-D48 -> 6.2883 | G48: =Ocupados_Proy!$D$48 -> 408200
A49: Armenia | B49: 2027 | C49: 53.585 | D49: 50.5028 | E49: 56.8552 | F49: =E49-D49 -> 6.3524 | G49: =Ocupados_Proy!$D$49 -> 208115
A50: Sincelejo | B50: 2027 | C50: 66.9637 | D50: 63.8269 | E50: 70.2547 | F50: =E50-D50 -> 6.4278 | G50: =Ocupados_Proy!$D$50 -> 226118
A51: Bogotá D.C. | B51: 2028 | C51: 40.7523 | D51: 37.2868 | E51: 44.5398 | F51: =E51-D51 -> 7.253 | G51: =Ocupados_Proy!$D$51 -> 5682243
A52: Medellín | B52: 2028 | C52: 40.8561 | D52: 36.5143 | E52: 45.714 | F52: =E52-D52 -> 9.1997 | G52: =Ocupados_Proy!$D$52 -> 1760328
A53: Cali | B53: 2028 | C53: 48.0548 | D53: 43.9585 | E53: 52.5328 | F53: =E53-D53 -> 8.5743 | G53: =Ocupados_Proy!$D$53 -> 1559635
A54: Barranquilla | B54: 2028 | C54: 54.5248 | D54: 50.9415 | E54: 58.36 | F54: =E54-D54 -> 7.4185 | G54: =Ocupados_Proy!$D$54 -> 858740
A55: Bucaramanga | B55: 2028 | C55: 60.2218 | D55: 55.8224 | E55: 64.968 | F55: =E55-D55 -> 9.1456 | G55: =Ocupados_Proy!$D$55 -> 424246
A56: Manizales | B56: 2028 | C56: 47.8614 | D56: 43.8884 | E56: 52.1939 | F56: =E56-D56 -> 8.3055 | G56: =Ocupados_Proy!$D$56 -> 331852
A57: Pasto | B57: 2028 | C57: 67.2911 | D57: 64.0627 | E57: 70.6822 | F57: =E57-D57 -> 6.6195 | G57: =Ocupados_Proy!$D$57 -> 290134
A58: Pereira | B58: 2028 | C58: 55.8138 | D58: 52.0372 | E58: 59.8644 | F58: =E58-D58 -> 7.8272 | G58: =Ocupados_Proy!$D$58 -> 330958
A59: Cúcuta | B59: 2028 | C59: 68.256 | D59: 63.9841 | E59: 72.8131 | F59: =E59-D59 -> 8.829 | G59: =Ocupados_Proy!$D$59 -> 548572
A60: Ibagué | B60: 2028 | C60: 59.1246 | D60: 55.6809 | E60: 62.7812 | F60: =E60-D60 -> 7.1003 | G60: =Ocupados_Proy!$D$60 -> 381050
A61: Montería | B61: 2028 | C61: 72.6426 | D61: 68.8649 | E61: 76.6276 | F61: =E61-D61 -> 7.7627 | G61: =Ocupados_Proy!$D$61 -> 406640
A62: Cartagena | B62: 2028 | C62: 54.4707 | D62: 51.0265 | E62: 58.1474 | F62: =E62-D62 -> 7.1209 | G62: =Ocupados_Proy!$D$62 -> 672646
A63: Villavicencio | B63: 2028 | C63: 59.6662 | D63: 56.12 | E63: 63.4365 | F63: =E63-D63 -> 7.3165 | G63: =Ocupados_Proy!$D$63 -> 416498
A64: Tunja | B64: 2028 | C64: 59.5595 | D64: 56.1518 | E64: 63.174 | F64: =E64-D64 -> 7.0222 | G64: =Ocupados_Proy!$D$64 -> 139146
A65: Florencia | B65: 2028 | C65: 73.897 | D65: 70.2566 | E65: 77.7261 | F65: =E65-D65 -> 7.4695 | G65: =Ocupados_Proy!$D$65 -> 133191
A66: Popayán | B66: 2028 | C66: 67.4465 | D66: 63.9495 | E66: 71.1348 | F66: =E66-D66 -> 7.1853 | G66: =Ocupados_Proy!$D$66 -> 253200
A67: Valledupar | B67: 2028 | C67: 65.9693 | D67: 62.3987 | E67: 69.7441 | F67: =E67-D67 -> 7.3454 | G67: =Ocupados_Proy!$D$67 -> 443371
A68: Quibdó | B68: 2028 | C68: 76.9114 | D68: 73.2718 | E68: 80.7319 | F68: =E68-D68 -> 7.4601 | G68: =Ocupados_Proy!$D$68 -> 98499
A69: Neiva | B69: 2028 | C69: 63.3773 | D69: 59.8695 | E69: 67.0907 | F69: =E69-D69 -> 7.2212 | G69: =Ocupados_Proy!$D$69 -> 284876
A70: Riohacha | B70: 2028 | C70: 71.6622 | D70: 68.0684 | E70: 75.4458 | F70: =E70-D70 -> 7.3774 | G70: =Ocupados_Proy!$D$70 -> 140716
A71: Santa Marta | B71: 2028 | C71: 57.0642 | D71: 53.5673 | E71: 60.7894 | F71: =E71-D71 -> 7.2221 | G71: =Ocupados_Proy!$D$71 -> 413710
A72: Armenia | B72: 2028 | C72: 53.2637 | D72: 49.742 | E72: 57.0346 | F72: =E72-D72 -> 7.2926 | G72: =Ocupados_Proy!$D$72 -> 207858
A73: Sincelejo | B73: 2028 | C73: 66.6383 | D73: 63.0471 | E73: 70.4341 | F73: =E73-D73 -> 7.387 | G73: =Ocupados_Proy!$D$73 -> 230252
A74: Bogotá D.C. | B74: 2029 | C74: 40.4351 | D74: 36.6105 | E74: 44.6592 | F74: =E74-D74 -> 8.0487 | G74: =Ocupados_Proy!$D$74 -> 5669847
A75: Medellín | B75: 2029 | C75: 40.4545 | D75: 35.6791 | E75: 45.8689 | F75: =E75-D75 -> 10.1898 | G75: =Ocupados_Proy!$D$75 -> 1752800
A76: Cali | B76: 2029 | C76: 47.6798 | D76: 43.1592 | E76: 52.6739 | F76: =E76-D76 -> 9.5147 | G76: =Ocupados_Proy!$D$76 -> 1550229
A77: Barranquilla | B77: 2029 | C77: 54.1999 | D77: 50.2333 | E77: 58.4796 | F77: =E77-D77 -> 8.2463 | G77: =Ocupados_Proy!$D$77 -> 855276
A78: Bucaramanga | B78: 2029 | C78: 59.8215 | D78: 54.957 | E78: 65.1166 | F78: =E78-D78 -> 10.1596 | G78: =Ocupados_Proy!$D$78 -> 423903
A79: Manizales | B79: 2029 | C79: 47.4981 | D79: 43.112 | E79: 52.3303 | F79: =E79-D79 -> 9.2183 | G79: =Ocupados_Proy!$D$79 -> 333321
A80: Pasto | B80: 2029 | C80: 67.0008 | D80: 63.4173 | E80: 70.7869 | F80: =E80-D80 -> 7.3696 | G80: =Ocupados_Proy!$D$80 -> 290716
A81: Pereira | B81: 2029 | C81: 55.471 | D81: 51.2917 | E81: 59.9908 | F81: =E81-D81 -> 8.6991 | G81: =Ocupados_Proy!$D$81 -> 330336
A82: Cúcuta | B82: 2029 | C82: 67.8693 | D82: 63.1381 | E82: 72.955 | F82: =E82-D82 -> 9.8169 | G82: =Ocupados_Proy!$D$82 -> 548097
A83: Ibagué | B83: 2029 | C83: 58.8134 | D83: 54.997 | E83: 62.8947 | F83: =E83-D83 -> 7.8977 | G83: =Ocupados_Proy!$D$83 -> 382115
A84: Montería | B84: 2029 | C84: 72.3023 | D84: 68.1116 | E84: 76.7509 | F84: =E84-D84 -> 8.6393 | G84: =Ocupados_Proy!$D$84 -> 414279
A85: Cartagena | B85: 2029 | C85: 54.1588 | D85: 50.3447 | E85: 58.2619 | F85: =E85-D85 -> 7.9172 | G85: =Ocupados_Proy!$D$85 -> 672048
A86: Villavicencio | B86: 2029 | C86: 59.3456 | D86: 55.4163 | E86: 63.5536 | F86: =E86-D86 -> 8.1373 | G86: =Ocupados_Proy!$D$86 -> 419474
A87: Tunja | B87: 2029 | C87: 59.2517 | D87: 55.4745 | E87: 63.2861 | F87: =E87-D87 -> 7.8116 | G87: =Ocupados_Proy!$D$87 -> 140576
A88: Florencia | B88: 2029 | C88: 73.5695 | D88: 69.5293 | E88: 77.8445 | F88: =E88-D88 -> 8.3152 | G88: =Ocupados_Proy!$D$88 -> 134764
A89: Popayán | B89: 2029 | C89: 67.1316 | D89: 63.2521 | E89: 71.2489 | F89: =E89-D89 -> 7.9968 | G89: =Ocupados_Proy!$D$89 -> 255186
A90: Valledupar | B90: 2029 | C90: 65.6473 | D90: 61.6877 | E90: 69.861 | F90: =E90-D90 -> 8.1733 | G90: =Ocupados_Proy!$D$90 -> 454137
A91: Quibdó | B91: 2029 | C91: 76.5843 | D91: 72.5438 | E91: 80.8498 | F91: =E91-D91 -> 8.306 | G91: =Ocupados_Proy!$D$91 -> 99892
A92: Neiva | B92: 2029 | C92: 63.0608 | D92: 59.1715 | E92: 67.2058 | F92: =E92-D92 -> 8.0343 | G92: =Ocupados_Proy!$D$92 -> 289003
A93: Riohacha | B93: 2029 | C93: 71.3388 | D93: 67.351 | E93: 75.5628 | F93: =E93-D93 -> 8.2118 | G93: =Ocupados_Proy!$D$93 -> 141954
A94: Santa Marta | B94: 2029 | C94: 56.7478 | D94: 52.8742 | E94: 60.9052 | F94: =E94-D94 -> 8.031 | G94: =Ocupados_Proy!$D$94 -> 418961
A95: Armenia | B95: 2029 | C95: 52.9443 | D95: 49.0462 | E95: 57.1522 | F95: =E95-D95 -> 8.106 | G95: =Ocupados_Proy!$D$95 -> 207513
A96: Sincelejo | B96: 2029 | C96: 66.3145 | D96: 62.3318 | E96: 70.5517 | F96: =E96-D96 -> 8.2199 | G96: =Ocupados_Proy!$D$96 -> 234246
A97: Bogotá D.C. | B97: 2030 | C97: 40.1204 | D97: 35.9827 | E97: 44.7338 | F97: =E97-D97 -> 8.7511 | G97: =Ocupados_Proy!$D$97 -> 5654625
A98: Medellín | B98: 2030 | C98: 40.0568 | D98: 34.9074 | E98: 45.9659 | F98: =E98-D98 -> 11.0585 | G98: =Ocupados_Proy!$D$98 -> 1744659
A99: Cali | B99: 2030 | C99: 47.3078 | D99: 42.4172 | E99: 52.7622 | F99: =E99-D99 -> 10.345 | G99: =Ocupados_Proy!$D$99 -> 1540451
A100: Barranquilla | B100: 2030 | C100: 53.8769 | D100: 49.5731 | E100: 58.5543 | F100: =E100-D100 -> 8.9812 | G100: =Ocupados_Proy!$D$100 -> 851588
A101: Bucaramanga | B101: 2030 | C101: 59.4238 | D101: 54.1515 | E101: 65.2094 | F101: =E101-D101 -> 11.0579 | G101: =Ocupados_Proy!$D$101 -> 423419
A102: Manizales | B102: 2030 | C102: 47.1375 | D102: 42.391 | E102: 52.4156 | F102: =E102-D102 -> 10.0246 | G102: =Ocupados_Proy!$D$102 -> 334682
...

Sheet Ocupados_Proy
A1: OCUPADOS INFORMALES Y FORMALES PROYECTADOS | PEA 15-64 AÑOS | 2026–2042
A3: NOTA METODOLÓGICA: Los valores de ocupados informales y formales proyectados se estiman aplicando la tasa de informalidad sobre la PEA de 15 a 64 años, utilizada como proxy del universo laboral disponible. Por tanto, estas cifras no corresponden a conteos directos de ocupados efectivos, sino a estimaciones aproximadas para fines comparativos y prospectivos.
A4: Ciudad | B4: Año | C4: Población Total | D4: PEA 15-64 | E4: Tasa Informalidad (%) | F4: Ocupados Informales | G4: Ocupados Formales | H4: Var. Tasa vs 2018 (pp) | I4: Part. PEA/PobTotal (%) | J4: Dependencia (%)
A5: Bogotá D.C. | B5: 2026 | C5: 7945996 | D5: 5694816 | E5: =Tasas_Informalidad_Proy!$B$6 -> 41.3942 | F5: =D5*E5/100 -> 2357323.5 | G5: =D5*(1-E5/100) -> 3337492.5 | H5: =E5-'Historico_GEIH_2007-2026'!$M$6 -> -1.2058 | I5: =IF(C5>0,D5/C5*100,"") -> 71.669002 | J5: =IF(D5>0,(C5-D5)/D5*100,"") -> 39.530338
A6: Medellín | B6: 2026 | C6: 2526795 | D6: 1772378 | E6: =Tasas_Informalidad_Proy!$B$7 -> 41.6713 | F6: =D6*E6/100 -> 738572.95 | G6: =D6*(1-E6/100) -> 1033805 | H6: =E6-'Historico_GEIH_2007-2026'!$M$7 -> -1.5287 | I6: =IF(C6>0,D6/C6*100,"") -> 70.143324 | J6: =IF(D6>0,(C6-D6)/D6*100,"") -> 42.565243
A7: Cali | B7: 2026 | C7: 2269983 | D7: 1576113 | E7: =Tasas_Informalidad_Proy!$B$8 -> 48.8136 | F7: =D7*E7/100 -> 769357.5 | G7: =D7*(1-E7/100) -> 806755.5 | H7: =E7-'Historico_GEIH_2007-2026'!$M$8 -> -1.4864 | I7: =IF(C7>0,D7/C7*100,"") -> 69.432811 | J7: =IF(D7>0,(C7-D7)/D7*100,"") -> 44.024128
A8: Barranquilla | B8: 2026 | C8: 1275854 | D8: 864371 | E8: =Tasas_Informalidad_Proy!$B$9 -> 55.1804 | F8: =D8*E8/100 -> 476963.38 | G8: =D8*(1-E8/100) -> 387407.62 | H8: =E8-'Historico_GEIH_2007-2026'!$M$9 -> -1.0196 | I8: =IF(C8>0,D8/C8*100,"") -> 67.748426 | J8: =IF(D8>0,(C8-D8)/D8*100,"") -> 47.604906
A9: Bucaramanga | B9: 2026 | C9: 618548 | D9: 424315 | E9: =Tasas_Informalidad_Proy!$B$10 -> 61.0305 | F9: =D9*E9/100 -> 258961.57 | G9: =D9*(1-E9/100) -> 165353.43 | H9: =E9-'Historico_GEIH_2007-2026'!$M$10 -> -1.3695 | I9: =IF(C9>0,D9/C9*100,"") -> 68.598557 | J9: =IF(D9>0,(C9-D9)/D9*100,"") -> 45.775662
A10: Manizales | B10: 2026 | C10: 475690 | D10: 328451 | E10: =Tasas_Informalidad_Proy!$B$11 -> 48.5963 | F10: =D10*E10/100 -> 159615.03 | G10: =D10*(1-E10/100) -> 168835.97 | H10: =E10-'Historico_GEIH_2007-2026'!$M$11 -> -1.3037 | I10: =IF(C10>0,D10/C10*100,"") -> 69.047279 | J10: =IF(D10>0,(C10-D10)/D10*100,"") -> 44.8283
A11: Pasto | B11: 2026 | C11: 404775 | D11: 288315 | E11: =Tasas_Informalidad_Proy!$B$12 -> 67.8754 | F11: =D11*E11/100 -> 195694.96 | G11: =D11*(1-E11/100) -> 92620.04 | H11: =E11-'Historico_GEIH_2007-2026'!$M$12 -> -1.0246 | I11: =IF(C11>0,D11/C11*100,"") -> 71.22846 | J11: =IF(D11>0,(C11-D11)/D11*100,"") -> 40.39332
A12: Pereira | B12: 2026 | C12: 487820 | D12: 331654 | E12: =Tasas_Informalidad_Proy!$B$13 -> 56.5056 | F12: =D12*E12/100 -> 187403.08 | G12: =D12*(1-E12/100) -> 144250.92 | H12: =E12-'Historico_GEIH_2007-2026'!$M$13 -> -0.9944 | I12: =IF(C12>0,D12/C12*100,"") -> 67.986962 | J12: =IF(D12>0,(C12-D12)/D12*100,"") -> 47.087024
A13: Cúcuta | B13: 2026 | C13: 792180 | D13: 548702 | E13: =Tasas_Informalidad_Proy!$B$14 -> 69.0362 | F13: =D13*E13/100 -> 378803.01 | G13: =D13*(1-E13/100) -> 169898.99 | H13: =E13-'Historico_GEIH_2007-2026'!$M$14 -> -1.2638 | I13: =IF(C13>0,D13/C13*100,"") -> 69.264814 | J13: =IF(D13>0,(C13-D13)/D13*100,"") -> 44.373449
A14: Ibagué | B14: 2026 | C14: 557317 | D14: 378451 | E14: =Tasas_Informalidad_Proy!$B$15 -> 59.7518 | F14: =D14*E14/100 -> 226131.28 | G14: =D14*(1-E14/100) -> 152319.72 | H14: =E14-'Historico_GEIH_2007-2026'!$M$15 -> -0.7482 | I14: =IF(C14>0,D14/C14*100,"") -> 67.905878 | J14: =IF(D14>0,(C14-D14)/D14*100,"") -> 47.262658
A15: Montería | B15: 2026 | C15: 585029 | D15: 390914 | E15: =Tasas_Informalidad_Proy!$B$16 -> 73.328 | F15: =D15*E15/100 -> 286649.42 | G15: =D15*(1-E15/100) -> 104264.58 | H15: =E15-'Historico_GEIH_2007-2026'!$M$16 -> -1.072 | I15: =IF(C15>0,D15/C15*100,"") -> 66.819594 | J15: =IF(D15>0,(C15-D15)/D15*100,"") -> 49.656702
A16: Cartagena | B16: 2026 | C16: 1010995 | D16: 673241 | E16: =Tasas_Informalidad_Proy!$B$17 -> 55.1 | F16: =D16*E16/100 -> 370955.79 | G16: =D16*(1-E16/100) -> 302285.21 | H16: =E16-'Historico_GEIH_2007-2026'!$M$17 -> -1 | I16: =IF(C16>0,D16/C16*100,"") -> 66.591922 | J16: =IF(D16>0,(C16-D16)/D16*100,"") -> 50.168365
A17: Villavicencio | B17: 2026 | C17: 588645 | D17: 409780 | E17: =Tasas_Informalidad_Proy!$B$18 -> 60.3126 | F17: =D17*E17/100 -> 247148.97 | G17: =D17*(1-E17/100) -> 162631.03 | H17: =E17-'Historico_GEIH_2007-2026'!$M$18 -> -0.9874 | I17: =IF(C17>0,D17/C17*100,"") -> 69.614114 | J17: =IF(D17>0,(C17-D17)/D17*100,"") -> 43.649031
A18: Tunja | B18: 2026 | C18: 191372 | D18: 136338 | E18: =Tasas_Informalidad_Proy!$B$19 -> 60.1797 | F18: =D18*E18/100 -> 82047.799 | G18: =D18*(1-E18/100) -> 54290.201 | H18: =E18-'Historico_GEIH_2007-2026'!$M$19 -> -1.0203 | I18: =IF(C18>0,D18/C18*100,"") -> 71.242397 | J18: =IF(D18>0,(C18-D18)/D18*100,"") -> 40.365855
A19: Florencia | B19: 2026 | C19: 188620 | D19: 129659 | E19: =Tasas_Informalidad_Proy!$B$20 -> 74.5564 | F19: =D19*E19/100 -> 96669.083 | G19: =D19*(1-E19/100) -> 32989.917 | H19: =E19-'Historico_GEIH_2007-2026'!$M$20 -> -0.9436 | I19: =IF(C19>0,D19/C19*100,"") -> 68.740855 | J19: =IF(D19>0,(C19-D19)/D19*100,"") -> 45.473897
A20: Popayán | B20: 2026 | C20: 355347 | D20: 248848 | E20: =Tasas_Informalidad_Proy!$B$21 -> 68.081 | F20: =D20*E20/100 -> 169418.21 | G20: =D20*(1-E20/100) -> 79429.793 | H20: =E20-'Historico_GEIH_2007-2026'!$M$21 -> -0.919 | I20: =IF(C20>0,D20/C20*100,"") -> 70.029577 | J20: =IF(D20>0,(C20-D20)/D20*100,"") -> 42.796808
A21: Valledupar | B21: 2026 | C21: 629217 | D21: 421498 | E21: =Tasas_Informalidad_Proy!$B$22 -> 66.6179 | F21: =D21*E21/100 -> 280793.12 | G21: =D21*(1-E21/100) -> 140704.88 | H21: =E21-'Historico_GEIH_2007-2026'!$M$22 -> -0.9821 | I21: =IF(C21>0,D21/C21*100,"") -> 66.987701 | J21: =IF(D21>0,(C21-D21)/D21*100,"") -> 49.281135
A22: Quibdó | B22: 2026 | C22: 143332 | D22: 95484 | E22: =Tasas_Informalidad_Proy!$B$23 -> 77.5699 | F22: =D22*E22/100 -> 74066.843 | G22: =D22*(1-E22/100) -> 21417.157 | H22: =E22-'Historico_GEIH_2007-2026'!$M$23 -> -0.9301 | I22: =IF(C22>0,D22/C22*100,"") -> 66.617364 | J22: =IF(D22>0,(C22-D22)/D22*100,"") -> 50.111013
A23: Neiva | B23: 2026 | C23: 408218 | D23: 276241 | E23: =Tasas_Informalidad_Proy!$B$24 -> 64.0151 | F23: =D23*E23/100 -> 176835.95 | G23: =D23*(1-E23/100) -> 99405.048 | H23: =E23-'Historico_GEIH_2007-2026'!$M$24 -> -0.9849 | I23: =IF(C23>0,D23/C23*100,"") -> 67.66997 | J23: =IF(D23>0,(C23-D23)/D23*100,"") -> 47.776036
A24: Riohacha | B24: 2026 | C24: 211811 | D24: 137916 | E24: =Tasas_Informalidad_Proy!$B$25 -> 72.3136 | F24: =D24*E24/100 -> 99732.025 | G24: =D24*(1-E24/100) -> 38183.975 | H24: =E24-'Historico_GEIH_2007-2026'!$M$25 -> -0.9864 | I24: =IF(C24>0,D24/C24*100,"") -> 65.112766 | J24: =IF(D24>0,(C24-D24)/D24*100,"") -> 53.579715
A25: Santa Marta | B25: 2026 | C25: 588662 | D25: 402356 | E25: =Tasas_Informalidad_Proy!$B$26 -> 57.7023 | F25: =D25*E25/100 -> 232168.67 | G25: =D25*(1-E25/100) -> 170187.33 | H25: =E25-'Historico_GEIH_2007-2026'!$M$26 -> -0.9977 | I25: =IF(C25>0,D25/C25*100,"") -> 68.350938 | J25: =IF(D25>0,(C25-D25)/D25*100,"") -> 46.303771
A26: Armenia | B26: 2026 | C26: 307103 | D26: 208250 | E26: =Tasas_Informalidad_Proy!$B$27 -> 53.9082 | F26: =D26*E26/100 -> 112263.83 | G26: =D26*(1-E26/100) -> 95986.173 | H26: =E26-'Historico_GEIH_2007-2026'!$M$27 -> -1.0918 | I26: =IF(C26>0,D26/C26*100,"") -> 67.811125 | J26: =IF(D26>0,(C26-D26)/D26*100,"") -> 47.468427
A27: Sincelejo | B27: 2026 | C27: 331045 | D27: 221871 | E27: =Tasas_Informalidad_Proy!$B$28 -> 67.2907 | F27: =D27*E27/100 -> 149298.55 | G27: =D27*(1-E27/100) -> 72572.451 | H27: =E27-'Historico_GEIH_2007-2026'!$M$28 -> -1.0093 | I27: =IF(C27>0,D27/C27*100,"") -> 67.021402 | J27: =IF(D27>0,(C27-D27)/D27*100,"") -> 49.20607
A28: Bogotá D.C. | B28: 2027 | C28: 7943941 | D28: 5690929 | E28: =Tasas_Informalidad_Proy!$C$6 -> 41.072 | F28: =D28*E28/100 -> 2337378.4 | G28: =D28*(1-E28/100) -> 3353550.6 | H28: =E28-'Historico_GEIH_2007-2026'!$M$6 -> -1.528 | I28: =IF(C28>0,D28/C28*100,"") -> 71.638611 | J28: =IF(D28>0,(C28-D28)/D28*100,"") -> 39.589529
A29: Medellín | B29: 2027 | C29: 2524037 | D29: 1766956 | E29: =Tasas_Informalidad_Proy!$C$7 -> 41.2616 | F29: =D29*E29/100 -> 729074.32 | G29: =D29*(1-E29/100) -> 1037881.7 | H29: =E29-'Historico_GEIH_2007-2026'!$M$7 -> -1.9384 | I29: =IF(C29>0,D29/C29*100,"") -> 70.005154 | J29: =IF(D29>0,(C29-D29)/D29*100,"") -> 42.846624
A30: Cali | B30: 2027 | C30: 2261787 | D30: 1568387 | E30: =Tasas_Informalidad_Proy!$C$8 -> 48.4327 | F30: =D30*E30/100 -> 759612.17 | G30: =D30*(1-E30/100) -> 808774.83 | H30: =E30-'Historico_GEIH_2007-2026'!$M$8 -> -1.8673 | I30: =IF(C30>0,D30/C30*100,"") -> 69.342825 | J30: =IF(D30>0,(C30-D30)/D30*100,"") -> 44.211027
A31: Barranquilla | B31: 2027 | C31: 1271416 | D31: 861851 | E31: =Tasas_Informalidad_Proy!$C$9 -> 54.8516 | F31: =D31*E31/100 -> 472739.06 | G31: =D31*(1-E31/100) -> 389111.94 | H31: =E31-'Historico_GEIH_2007-2026'!$M$9 -> -1.3484 | I31: =IF(C31>0,D31/C31*100,"") -> 67.786704 | J31: =IF(D31>0,(C31-D31)/D31*100,"") -> 47.521555
A32: Bucaramanga | B32: 2027 | C32: 619155 | D32: 424405 | E32: =Tasas_Informalidad_Proy!$C$10 -> 60.6248 | F32: =D32*E32/100 -> 257294.68 | G32: =D32*(1-E32/100) -> 167110.32 | H32: =E32-'Historico_GEIH_2007-2026'!$M$10 -> -1.7752 | I32: =IF(C32>0,D32/C32*100,"") -> 68.545841 | J32: =IF(D32>0,(C32-D32)/D32*100,"") -> 45.887772
A33: Manizales | B33: 2027 | C33: 479109 | D33: 330248 | E33: =Tasas_Informalidad_Proy!$C$11 -> 48.2274 | F33: =D33*E33/100 -> 159270.02 | G33: =D33*(1-E33/100) -> 170977.98 | H33: =E33-'Historico_GEIH_2007-2026'!$M$11 -> -1.6726 | I33: =IF(C33>0,D33/C33*100,"") -> 68.929617 | J33: =IF(D33>0,(C33-D33)/D33*100,"") -> 45.075519
A34: Pasto | B34: 2027 | C34: 405306 | D34: 289337 | E34: =Tasas_Informalidad_Proy!$C$12 -> 67.5826 | F34: =D34*E34/100 -> 195541.47 | G34: =D34*(1-E34/100) -> 93795.533 | H34: =E34-'Historico_GEIH_2007-2026'!$M$12 -> -1.3174 | I34: =IF(C34>0,D34/C34*100,"") -> 71.387297 | J34: =IF(D34>0,(C34-D34)/D34*100,"") -> 40.080944
A35: Pereira | B35: 2027 | C35: 488044 | D35: 331418 | E35: =Tasas_Informalidad_Proy!$C$13 -> 56.1586 | F35: =D35*E35/100 -> 186119.71 | G35: =D35*(1-E35/100) -> 145298.29 | H35: =E35-'Historico_GEIH_2007-2026'!$M$13 -> -1.3414 | I35: =IF(C35>0,D35/C35*100,"") -> 67.907402 | J35: =IF(D35>0,(C35-D35)/D35*100,"") -> 47.259352
A36: Cúcuta | B36: 2027 | C36: 790552 | D36: 548829 | E36: =Tasas_Informalidad_Proy!$C$14 -> 68.645 | F36: =D36*E36/100 -> 376743.67 | G36: =D36*(1-E36/100) -> 172085.33 | H36: =E36-'Historico_GEIH_2007-2026'!$M$14 -> -1.655 | I36: =IF(C36>0,D36/C36*100,"") -> 69.423517 | J36: =IF(D36>0,(C36-D36)/D36*100,"") -> 44.043409
A37: Ibagué | B37: 2027 | C37: 559515 | D37: 379844 | E37: =Tasas_Informalidad_Proy!$C$15 -> 59.4373 | F37: =D37*E37/100 -> 225769.02 | G37: =D37*(1-E37/100) -> 154074.98 | H37: =E37-'Historico_GEIH_2007-2026'!$M$15 -> -1.0627 | I37: =IF(C37>0,D37/C37*100,"") -> 67.888082 | J37: =IF(D37>0,(C37-D37)/D37*100,"") -> 47.301261
A38: Montería | B38: 2027 | C38: 595299 | D38: 398865 | E38: =Tasas_Informalidad_Proy!$C$16 -> 72.9845 | F38: =D38*E38/100 -> 291109.63 | G38: =D38*(1-E38/100) -> 107755.37 | H38: =E38-'Historico_GEIH_2007-2026'!$M$16 -> -1.4155 | I38: =IF(C38>0,D38/C38*100,"") -> 67.002464 | J38: =IF(D38>0,(C38-D38)/D38*100,"") -> 49.248242
A39: Cartagena | B39: 2027 | C39: 1010001 | D39: 673082 | E39: =Tasas_Informalidad_Proy!$C$17 -> 54.7844 | F39: =D39*E39/100 -> 368743.94 | G39: =D39*(1-E39/100) -> 304338.06 | H39: =E39-'Historico_GEIH_2007-2026'!$M$17 -> -1.3156 | I39: =IF(C39>0,D39/C39*100,"") -> 66.641716 | J39: =IF(D39>0,(C39-D39)/D39*100,"") -> 50.05616
A40: Villavicencio | B40: 2027 | C40: 592656 | D40: 413292 | E40: =Tasas_Informalidad_Proy!$C$18 -> 59.9885 | F40: =D40*E40/100 -> 247927.67 | G40: =D40*(1-E40/100) -> 165364.33 | H40: =E40-'Historico_GEIH_2007-2026'!$M$18 -> -1.3115 | I40: =IF(C40>0,D40/C40*100,"") -> 69.735563 | J40: =IF(D40>0,(C40-D40)/D40*100,"") -> 43.398856
A41: Tunja | B41: 2027 | C41: 193090 | D41: 137750 | E41: =Tasas_Informalidad_Proy!$C$19 -> 59.8688 | F41: =D41*E41/100 -> 82469.272 | G41: =D41*(1-E41/100) -> 55280.728 | H41: =E41-'Historico_GEIH_2007-2026'!$M$19 -> -1.3312 | I41: =IF(C41>0,D41/C41*100,"") -> 71.33979 | J41: =IF(D41>0,(C41-D41)/D41*100,"") -> 40.174229
A42: Florencia | B42: 2027 | C42: 190630 | D42: 131492 | E42: =Tasas_Informalidad_Proy!$C$20 -> 74.226 | F42: =D42*E42/100 -> 97601.252 | G42: =D42*(1-E42/100) -> 33890.748 | H42: =E42-'Historico_GEIH_2007-2026'!$M$20 -> -1.274 | I42: =IF(C42>0,D42/C42*100,"") -> 68.977601 | J42: =IF(D42>0,(C42-D42)/D42*100,"") -> 44.974599
A43: Popayán | B43: 2027 | C43: 358356 | D43: 251108 | E43: =Tasas_Informalidad_Proy!$C$21 -> 67.763 | F43: =D43*E43/100 -> 170158.31 | G43: =D43*(1-E43/100) -> 80949.686 | H43: =E43-'Historico_GEIH_2007-2026'!$M$21 -> -1.237 | I43: =IF(C43>0,D43/C43*100,"") -> 70.072219 | J43: =IF(D43>0,(C43-D43)/D43*100,"") -> 42.70991
A44: Valledupar | B44: 2027 | C44: 642125 | D44: 432509 | E44: =Tasas_Informalidad_Proy!$C$22 -> 66.2928 | F44: =D44*E44/100 -> 286722.33 | G44: =D44*(1-E44/100) -> 145786.67 | H44: =E44-'Historico_GEIH_2007-2026'!$M$22 -> -1.3072 | I44: =IF(C44>0,D44/C44*100,"") -> 67.355889 | J44: =IF(D44>0,(C44-D44)/D44*100,"") -> 48.465119
A45: Quibdó | B45: 2027 | C45: 144859 | D45: 97027 | E45: =Tasas_Informalidad_Proy!$C$23 -> 77.24 | F45: =D45*E45/100 -> 74943.655 | G45: =D45*(1-E45/100) -> 22083.345 | H45: =E45-'Historico_GEIH_2007-2026'!$M$23 -> -1.26 | I45: =IF(C45>0,D45/C45*100,"") -> 66.980305 | J45: =IF(D45>0,(C45-D45)/D45*100,"") -> 49.297618
A46: Neiva | B46: 2027 | C46: 413804 | D46: 280626 | E46: =Tasas_Informalidad_Proy!$C$24 -> 63.6954 | F46: =D46*E46/100 -> 178745.85 | G46: =D46*(1-E46/100) -> 101880.15 | H46: =E46-'Historico_GEIH_2007-2026'!$M$24 -> -1.3046 | I46: =IF(C46>0,D46/C46*100,"") -> 67.816164 | J46: =IF(D46>0,(C46-D46)/D46*100,"") -> 47.45747
A47: Riohacha | B47: 2027 | C47: 212589 | D47: 139379 | E47: =Tasas_Informalidad_Proy!$C$25 -> 71.9872 | F47: =D47*E47/100 -> 100335.04 | G47: =D47*(1-E47/100) -> 39043.961 | H47: =E47-'Historico_GEIH_2007-2026'!$M$25 -> -1.3128 | I47: =IF(C47>0,D47/C47*100,"") -> 65.562658 | J47: =IF(D47>0,(C47-D47)/D47*100,"") -> 52.525847
A48: Santa Marta | B48: 2027 | C48: 594421 | D48: 408200 | E48: =Tasas_Informalidad_Proy!$C$26 -> 57.3824 | F48: =D48*E48/100 -> 234234.96 | G48: =D48*(1-E48/100) -> 173965.04 | H48: =E48-'Historico_GEIH_2007-2026'!$M$26 -> -1.3176 | I48: =IF(C48>0,D48/C48*100,"") -> 68.671867 | J48: =IF(D48>0,(C48-D48)/D48*100,"") -> 45.620039
A49: Armenia | B49: 2027 | C49: 307420 | D49: 208115 | E49: =Tasas_Informalidad_Proy!$C$27 -> 53.585 | F49: =D49*E49/100 -> 111518.42 | G49: =D49*(1-E49/100) -> 96596.577 | H49: =E49-'Historico_GEIH_2007-2026'!$M$27 -> -1.415 | I49: =IF(C49>0,D49/C49*100,"") -> 67.697287 | J49: =IF(D49>0,(C49-D49)/D49*100,"") -> 47.716407
A50: Sincelejo | B50: 2027 | C50: 336231 | D50: 226118 | E50: =Tasas_Informalidad_Proy!$C$28 -> 66.9637 | F50: =D50*E50/100 -> 151416.98 | G50: =D50*(1-E50/100) -> 74701.021 | H50: =E50-'Historico_GEIH_2007-2026'!$M$28 -> -1.3363 | I50: =IF(C50>0,D50/C50*100,"") -> 67.250789 | J50: =IF(D50>0,(C50-D50)/D50*100,"") -> 48.69714
A51: Bogotá D.C. | B51: 2028 | C51: 7937939 | D51: 5682243 | E51: =Tasas_Informalidad_Proy!$D$6 -> 40.7523 | F51: =D51*E51/100 -> 2315644.7 | G51: =D51*(1-E51/100) -> 3366598.3 | H51: =E51-'Historico_GEIH_2007-2026'!$M$6 -> -1.8477 | I51: =IF(C51>0,D51/C51*100,"") -> 71.583354 | J51: =IF(D51>0,(C51-D51)/D51*100,"") -> 39.697282
A52: Medellín | B52: 2028 | C52: 2520340 | D52: 1760328 | E52: =Tasas_Informalidad_Proy!$D$7 -> 40.8561 | F52: =D52*E52/100 -> 719201.37 | G52: =D52*(1-E52/100) -> 1041126.6 | H52: =E52-'Historico_GEIH_2007-2026'!$M$7 -> -2.3439 | I52: =IF(C52>0,D52/C52*100,"") -> 69.844862 | J52: =IF(D52>0,(C52-D52)/D52*100,"") -> 43.174454
A53: Cali | B53: 2028 | C53: 2252899 | D53: 1559635 | E53: =Tasas_Informalidad_Proy!$D$8 -> 48.0548 | F53: =D53*E53/100 -> 749479.48 | G53: =D53*(1-E53/100) -> 810155.52 | H53: =E53-'Historico_GEIH_2007-2026'!$M$8 -> -2.2452 | I53: =IF(C53>0,D53/C53*100,"") -> 69.227915 | J53: =IF(D53>0,(C53-D53)/D53*100,"") -> 44.4504
A54: Barranquilla | B54: 2028 | C54: 1266293 | D54: 858740 | E54: =Tasas_Informalidad_Proy!$D$9 -> 54.5248 | F54: =D54*E54/100 -> 468226.27 | G54: =D54*(1-E54/100) -> 390513.73 | H54: =E54-'Historico_GEIH_2007-2026'!$M$9 -> -1.6752 | I54: =IF(C54>0,D54/C54*100,"") -> 67.815269 | J54: =IF(D54>0,(C54-D54)/D54*100,"") -> 47.459417
A55: Bucaramanga | B55: 2028 | C55: 619549 | D55: 424246 | E55: =Tasas_Informalidad_Proy!$D$10 -> 60.2218 | F55: =D55*E55/100 -> 255488.58 | G55: =D55*(1-E55/100) -> 168757.42 | H55: =E55-'Historico_GEIH_2007-2026'!$M$10 -> -2.1782 | I55: =IF(C55>0,D55/C55*100,"") -> 68.476585 | J55: =IF(D55>0,(C55-D55)/D55*100,"") -> 46.035319
A56: Manizales | B56: 2028 | C56: 482350 | D56: 331852 | E56: =Tasas_Informalidad_Proy!$D$11 -> 47.8614 | F56: =D56*E56/100 -> 158829.01 | G56: =D56*(1-E56/100) -> 173022.99 | H56: =E56-'Historico_GEIH_2007-2026'!$M$11 -> -2.0386 | I56: =IF(C56>0,D56/C56*100,"") -> 68.799005 | J56: =IF(D56>0,(C56-D56)/D56*100,"") -> 45.35094
A57: Pasto | B57: 2028 | C57: 405682 | D57: 290134 | E57: =Tasas_Informalidad_Proy!$D$12 -> 67.2911 | F57: =D57*E57/100 -> 195234.36 | G57: =D57*(1-E57/100) -> 94899.64 | H57: =E57-'Historico_GEIH_2007-2026'!$M$12 -> -1.6089 | I57: =IF(C57>0,D57/C57*100,"") -> 71.517593 | J57: =IF(D57>0,(C57-D57)/D57*100,"") -> 39.825736
A58: Pereira | B58: 2028 | C58: 488044 | D58: 330958 | E58: =Tasas_Informalidad_Proy!$D$13 -> 55.8138 | F58: =D58*E58/100 -> 184720.24 | G58: =D58*(1-E58/100) -> 146237.76 | H58: =E58-'Historico_GEIH_2007-2026'!$M$13 -> -1.6862 | I58: =IF(C58>0,D58/C58*100,"") -> 67.813148 | J58: =IF(D58>0,(C58-D58)/D58*100,"") -> 47.464029
A59: Cúcuta | B59: 2028 | C59: 788565 | D59: 548572 | E59: =Tasas_Informalidad_Proy!$D$14 -> 68.256 | F59: =D59*E59/100 -> 374433.3 | G59: =D59*(1-E59/100) -> 174138.7 | H59: =E59-'Historico_GEIH_2007-2026'!$M$14 -> -2.044 | I59: =IF(C59>0,D59/C59*100,"") -> 69.565857 | J59: =IF(D59>0,(C59-D59)/D59*100,"") -> 43.748678
A60: Ibagué | B60: 2028 | C60: 561557 | D60: 381050 | E60: =Tasas_Informalidad_Proy!$D$15 -> 59.1246 | F60: =D60*E60/100 -> 225294.29 | G60: =D60*(1-E60/100) -> 155755.71 | H60: =E60-'Historico_GEIH_2007-2026'!$M$15 -> -1.3754 | I60: =IF(C60>0,D60/C60*100,"") -> 67.855979 | J60: =IF(D60>0,(C60-D60)/D60*100,"") -> 47.370949
A61: Montería | B61: 2028 | C61: 605383 | D61: 406640 | E61: =Tasas_Informalidad_Proy!$D$16 -> 72.6426 | F61: =D61*E61/100 -> 295393.87 | G61: =D61*(1-E61/100) -> 111246.13 | H61: =E61-'Historico_GEIH_2007-2026'!$M$16 -> -1.7574 | I61: =IF(C61>0,D61/C61*100,"") -> 67.1707 | J61: =IF(D61>0,(C61-D61)/D61*100,"") -> 48.874434
A62: Cartagena | B62: 2028 | C62: 1008674 | D62: 672646 | E62: =Tasas_Informalidad_Proy!$D$17 -> 54.4707 | F62: =D62*E62/100 -> 366394.98 | G62: =D62*(1-E62/100) -> 306251.02 | H62: =E62-'Historico_GEIH_2007-2026'!$M$17 -> -1.6293 | I62: =IF(C62>0,D62/C62*100,"") -> 66.686164 | J62: =IF(D62>0,(C62-D62)/D62*100,"") -> 49.956143
A63: Villavicencio | B63: 2028 | C63: 596468 | D63: 416498 | E63: =Tasas_Informalidad_Proy!$D$18 -> 59.6662 | F63: =D63*E63/100 -> 248508.53 | G63: =D63*(1-E63/100) -> 167989.47 | H63: =E63-'Historico_GEIH_2007-2026'!$M$18 -> -1.6338 | I63: =IF(C63>0,D63/C63*100,"") -> 69.827384 | J63: =IF(D63>0,(C63-D63)/D63*100,"") -> 43.210292
A64: Tunja | B64: 2028 | C64: 194852 | D64: 139146 | E64: =Tasas_Informalidad_Proy!$D$19 -> 59.5595 | F64: =D64*E64/100 -> 82874.662 | G64: =D64*(1-E64/100) -> 56271.338 | H64: =E64-'Historico_GEIH_2007-2026'!$M$19 -> -1.6405 | I64: =IF(C64>0,D64/C64*100,"") -> 71.411122 | J64: =IF(D64>0,(C64-D64)/D64*100,"") -> 40.034209
A65: Florencia | B65: 2028 | C65: 192505 | D65: 133191 | E65: =Tasas_Informalidad_Proy!$D$20 -> 73.897 | F65: =D65*E65/100 -> 98424.153 | G65: =D65*(1-E65/100) -> 34766.847 | H65: =E65-'Historico_GEIH_2007-2026'!$M$20 -> -1.603 | I65: =IF(C65>0,D65/C65*100,"") -> 69.188333 | J65: =IF(D65>0,(C65-D65)/D65*100,"") -> 44.533039
A66: Popayán | B66: 2028 | C66: 361197 | D66: 253200 | E66: =Tasas_Informalidad_Proy!$D$21 -> 67.4465 | F66: =D66*E66/100 -> 170774.54 | G66: =D66*(1-E66/100) -> 82425.462 | H66: =E66-'Historico_GEIH_2007-2026'!$M$21 -> -1.5535 | I66: =IF(C66>0,D66/C66*100,"") -> 70.10025 | J66: =IF(D66>0,(C66-D66)/D66*100,"") -> 42.652844
A67: Valledupar | B67: 2028 | C67: 654794 | D67: 443371 | E67: =Tasas_Informalidad_Proy!$D$22 -> 65.9693 | F67: =D67*E67/100 -> 292488.75 | G67: =D67*(1-E67/100) -> 150882.25 | H67: =E67-'Historico_GEIH_2007-2026'!$M$22 -> -1.6307 | I67: =IF(C67>0,D67/C67*100,"") -> 67.711525 | J67: =IF(D67>0,(C67-D67)/D67*100,"") -> 47.685347
A68: Quibdó | B68: 2028 | C68: 146289 | D68: 98499 | E68: =Tasas_Informalidad_Proy!$D$23 -> 76.9114 | F68: =D68*E68/100 -> 75756.96 | G68: =D68*(1-E68/100) -> 22742.04 | H68: =E68-'Historico_GEIH_2007-2026'!$M$23 -> -1.5886 | I68: =IF(C68>0,D68/C68*100,"") -> 67.331788 | J68: =IF(D68>0,(C68-D68)/D68*100,"") -> 48.518259
A69: Neiva | B69: 2028 | C69: 419210 | D69: 284876 | E69: =Tasas_Informalidad_Proy!$D$24 -> 63.3773 | F69: =D69*E69/100 -> 180546.72 | G69: =D69*(1-E69/100) -> 104329.28 | H69: =E69-'Historico_GEIH_2007-2026'!$M$24 -> -1.6227 | I69: =IF(C69>0,D69/C69*100,"") -> 67.95544 | J69: =IF(D69>0,(C69-D69)/D69*100,"") -> 47.155254
A70: Riohacha | B70: 2028 | C70: 213219 | D70: 140716 | E70: =Tasas_Informalidad_Proy!$D$25 -> 71.6622 | F70: =D70*E70/100 -> 100840.18 | G70: =D70*(1-E70/100) -> 39875.819 | H70: =E70-'Historico_GEIH_2007-2026'!$M$25 -> -1.6378 | I70: =IF(C70>0,D70/C70*100,"") -> 65.995995 | J70: =IF(D70>0,(C70-D70)/D70*100,"") -> 51.524347
A71: Santa Marta | B71: 2028 | C71: 599778 | D71: 413710 | E71: =Tasas_Informalidad_Proy!$D$26 -> 57.0642 | F71: =D71*E71/100 -> 236080.3 | G71: =D71*(1-E71/100) -> 177629.7 | H71: =E71-'Historico_GEIH_2007-2026'!$M$26 -> -1.6358 | I71: =IF(C71>0,D71/C71*100,"") -> 68.977188 | J71: =IF(D71>0,(C71-D71)/D71*100,"") -> 44.975466
A72: Armenia | B72: 2028 | C72: 307599 | D72: 207858 | E72: =Tasas_Informalidad_Proy!$D$27 -> 53.2637 | F72: =D72*E72/100 -> 110712.86 | G72: =D72*(1-E72/100) -> 97145.138 | H72: =E72-'Historico_GEIH_2007-2026'!$M$27 -> -1.7363 | I72: =IF(C72>0,D72/C72*100,"") -> 67.574342 | J72: =IF(D72>0,(C72-D72)/D72*100,"") -> 47.985163
A73: Sincelejo | B73: 2028 | C73: 341271 | D73: 230252 | E73: =Tasas_Informalidad_Proy!$D$28 -> 66.6383 | F73: =D73*E73/100 -> 153436.02 | G73: =D73*(1-E73/100) -> 76815.981 | H73: =E73-'Historico_GEIH_2007-2026'!$M$28 -> -1.6617 | I73: =IF(C73>0,D73/C73*100,"") -> 67.468962 | J73: =IF(D73>0,(C73-D73)/D73*100,"") -> 48.216302
A74: Bogotá D.C. | B74: 2029 | C74: 7928632 | D74: 5669847 | E74: =Tasas_Informalidad_Proy!$E$6 -> 40.4351 | F74: =D74*E74/100 -> 2292608.3 | G74: =D74*(1-E74/100) -> 3377238.7 | H74: =E74-'Historico_GEIH_2007-2026'!$M$6 -> -2.1649 | I74: =IF(C74>0,D74/C74*100,"") -> 71.511037 | J74: =IF(D74>0,(C74-D74)/D74*100,"") -> 39.838553
A75: Medellín | B75: 2029 | C75: 2515817 | D75: 1752800 | E75: =Tasas_Informalidad_Proy!$E$7 -> 40.4545 | F75: =D75*E75/100 -> 709086.48 | G75: =D75*(1-E75/100) -> 1043713.5 | H75: =E75-'Historico_GEIH_2007-2026'!$M$7 -> -2.7455 | I75: =IF(C75>0,D75/C75*100,"") -> 69.671204 | J75: =IF(D75>0,(C75-D75)/D75*100,"") -> 43.531321
A76: Cali | B76: 2029 | C76: 2243456 | D76: 1550229 | E76: =Tasas_Informalidad_Proy!$E$8 -> 47.6798 | F76: =D76*E76/100 -> 739146.09 | G76: =D76*(1-E76/100) -> 811082.91 | H76: =E76-'Historico_GEIH_2007-2026'!$M$8 -> -2.6202 | I76: =IF(C76>0,D76/C76*100,"") -> 69.10004 | J76: =IF(D76>0,(C76-D76)/D76*100,"") -> 44.717716
A77: Barranquilla | B77: 2029 | C77: 1260642 | D77: 855276 | E77: =Tasas_Informalidad_Proy!$E$9 -> 54.1999 | F77: =D77*E77/100 -> 463558.74 | G77: =D77*(1-E77/100) -> 391717.26 | H77: =E77-'Historico_GEIH_2007-2026'!$M$9 -> -2.0001 | I77: =IF(C77>0,D77/C77*100,"") -> 67.844479 | J77: =IF(D77>0,(C77-D77)/D77*100,"") -> 47.395928
A78: Bucaramanga | B78: 2029 | C78: 619788 | D78: 423903 | E78: =Tasas_Informalidad_Proy!$E$10 -> 59.8215 | F78: =D78*E78/100 -> 253585.13 | G78: =D78*(1-E78/100) -> 170317.87 | H78: =E78-'Historico_GEIH_2007-2026'!$M$10 -> -2.5785 | I78: =IF(C78>0,D78/C78*100,"") -> 68.394838 | J78: =IF(D78>0,(C78-D78)/D78*100,"") -> 46.209864
A79: Manizales | B79: 2029 | C79: 485427 | D79: 333321 | E79: =Tasas_Informalidad_Proy!$E$11 -> 47.4981 | F79: =D79*E79/100 -> 158321.14 | G79: =D79*(1-E79/100) -> 174999.86 | H79: =E79-'Historico_GEIH_2007-2026'!$M$11 -> -2.4019 | I79: =IF(C79>0,D79/C79*100,"") -> 68.665525 | J79: =IF(D79>0,(C79-D79)/D79*100,"") -> 45.633488
A80: Pasto | B80: 2029 | C80: 405938 | D80: 290716 | E80: =Tasas_Informalidad_Proy!$E$12 -> 67.0008 | F80: =D80*E80/100 -> 194782.05 | G80: =D80*(1-E80/100) -> 95933.954 | H80: =E80-'Historico_GEIH_2007-2026'!$M$12 -> -1.8992 | I80: =IF(C80>0,D80/C80*100,"") -> 71.615863 | J80: =IF(D80>0,(C80-D80)/D80*100,"") -> 39.633869
A81: Pereira | B81: 2029 | C81: 487840 | D81: 330336 | E81: =Tasas_Informalidad_Proy!$E$13 -> 55.471 | F81: =D81*E81/100 -> 183240.68 | G81: =D81*(1-E81/100) -> 147095.32 | H81: =E81-'Historico_GEIH_2007-2026'!$M$13 -> -2.029 | I81: =IF(C81>0,D81/C81*100,"") -> 67.714005 | J81: =IF(D81>0,(C81-D81)/D81*100,"") -> 47.679938
A82: Cúcuta | B82: 2029 | C82: 786358 | D82: 548097 | E82: =Tasas_Informalidad_Proy!$E$14 -> 67.8693 | F82: =D82*E82/100 -> 371989.6 | G82: =D82*(1-E82/100) -> 176107.4 | H82: =E82-'Historico_GEIH_2007-2026'!$M$14 -> -2.4307 | I82: =IF(C82>0,D82/C82*100,"") -> 69.700696 | J82: =IF(D82>0,(C82-D82)/D82*100,"") -> 43.47059
A83: Ibagué | B83: 2029 | C83: 563432 | D83: 382115 | E83: =Tasas_Informalidad_Proy!$E$15 -> 58.8134 | F83: =D83*E83/100 -> 224734.82 | G83: =D83*(1-E83/100) -> 157380.18 | H83: =E83-'Historico_GEIH_2007-2026'!$M$15 -> -1.6866 | I83: =IF(C83>0,D83/C83*100,"") -> 67.819187 | J83: =IF(D83>0,(C83-D83)/D83*100,"") -> 47.450898
A84: Montería | B84: 2029 | C84: 615278 | D84: 414279 | E84: =Tasas_Informalidad_Proy!$E$16 -> 72.3023 | F84: =D84*E84/100 -> 299533.25 | G84: =D84*(1-E84/100) -> 114745.75 | H84: =E84-'Historico_GEIH_2007-2026'!$M$16 -> -2.0977 | I84: =IF(C84>0,D84/C84*100,"") -> 67.332003 | J84: =IF(D84>0,(C84-D84)/D84*100,"") -> 48.517786
A85: Cartagena | B85: 2029 | C85: 1007039 | D85: 672048 | E85: =Tasas_Informalidad_Proy!$E$17 -> 54.1588 | F85: =D85*E85/100 -> 363973.13 | G85: =D85*(1-E85/100) -> 308074.87 | H85: =E85-'Historico_GEIH_2007-2026'!$M$17 -> -1.9412 | I85: =IF(C85>0,D85/C85*100,"") -> 66.735052 | J85: =IF(D85>0,(C85-D85)/D85*100,"") -> 49.846291
A86: Villavicencio | B86: 2029 | C86: 600093 | D86: 419474 | E86: =Tasas_Informalidad_Proy!$E$18 -> 59.3456 | F86: =D86*E86/100 -> 248939.36 | G86: =D86*(1-E86/100) -> 170534.64 | H86: =E86-'Historico_GEIH_2007-2026'!$M$18 -> -1.9544 | I86: =IF(C86>0,D86/C86*100,"") -> 69.901499 | J86: =IF(D86>0,(C86-D86)/D86*100,"") -> 43.058449
A87: Tunja | B87: 2029 | C87: 196709 | D87: 140576 | E87: =Tasas_Informalidad_Proy!$E$19 -> 59.2517 | F87: =D87*E87/100 -> 83293.67 | G87: =D87*(1-E87/100) -> 57282.33 | H87: =E87-'Historico_GEIH_2007-2026'!$M$19 -> -1.9483 | I87: =IF(C87>0,D87/C87*100,"") -> 71.463939 | J87: =IF(D87>0,(C87-D87)/D87*100,"") -> 39.930714
A88: Florencia | B88: 2029 | C88: 194245 | D88: 134764 | E88: =Tasas_Informalidad_Proy!$E$20 -> 73.5695 | F88: =D88*E88/100 -> 99145.201 | G88: =D88*(1-E88/100) -> 35618.799 | H88: =E88-'Historico_GEIH_2007-2026'!$M$20 -> -1.9305 | I88: =IF(C88>0,D88/C88*100,"") -> 69.378362 | J88: =IF(D88>0,(C88-D88)/D88*100,"") -> 44.137158
A89: Popayán | B89: 2029 | C89: 363903 | D89: 255186 | E89: =Tasas_Informalidad_Proy!$E$21 -> 67.1316 | F89: =D89*E89/100 -> 171310.44 | G89: =D89*(1-E89/100) -> 83875.555 | H89: =E89-'Historico_GEIH_2007-2026'!$M$21 -> -1.8684 | I89: =IF(C89>0,D89/C89*100,"") -> 70.124731 | J89: =IF(D89>0,(C89-D89)/D89*100,"") -> 42.603042
A90: Valledupar | B90: 2029 | C90: 667252 | D90: 454137 | E90: =Tasas_Informalidad_Proy!$E$22 -> 65.6473 | F90: =D90*E90/100 -> 298128.68 | G90: =D90*(1-E90/100) -> 156008.32 | H90: =E90-'Historico_GEIH_2007-2026'!$M$22 -> -1.9527 | I90: =IF(C90>0,D90/C90*100,"") -> 68.060793 | J90: =IF(D90>0,(C90-D90)/D90*100,"") -> 46.927469
A91: Quibdó | B91: 2029 | C91: 147642 | D91: 99892 | E91: =Tasas_Informalidad_Proy!$E$23 -> 76.5843 | F91: =D91*E91/100 -> 76501.589 | G91: =D91*(1-E91/100) -> 23390.411 | H91: =E91-'Historico_GEIH_2007-2026'!$M$23 -> -1.9157 | I91: =IF(C91>0,D91/C91*100,"") -> 67.658254 | J91: =IF(D91>0,(C91-D91)/D91*100,"") -> 47.801626
A92: Neiva | B92: 2029 | C92: 424400 | D92: 289003 | E92: =Tasas_Informalidad_Proy!$E$24 -> 63.0608 | F92: =D92*E92/100 -> 182247.6 | G92: =D92*(1-E92/100) -> 106755.4 | H92: =E92-'Historico_GEIH_2007-2026'!$M$24 -> -1.9392 | I92: =IF(C92>0,D92/C92*100,"") -> 68.096843 | J92: =IF(D92>0,(C92-D92)/D92*100,"") -> 46.849687
A93: Riohacha | B93: 2029 | C93: 213702 | D93: 141954 | E93: =Tasas_Informalidad_Proy!$E$25 -> 71.3388 | F93: =D93*E93/100 -> 101268.28 | G93: =D93*(1-E93/100) -> 40685.72 | H93: =E93-'Historico_GEIH_2007-2026'!$M$25 -> -1.9612 | I93: =IF(C93>0,D93/C93*100,"") -> 66.426145 | J93: =IF(D93>0,(C93-D93)/D93*100,"") -> 50.543134
A94: Santa Marta | B94: 2029 | C94: 604778 | D94: 418961 | E94: =Tasas_Informalidad_Proy!$E$26 -> 56.7478 | F94: =D94*E94/100 -> 237751.15 | G94: =D94*(1-E94/100) -> 181209.85 | H94: =E94-'Historico_GEIH_2007-2026'!$M$26 -> -1.9522 | I94: =IF(C94>0,D94/C94*100,"") -> 69.275172 | J94: =IF(D94>0,(C94-D94)/D94*100,"") -> 44.351861
A95: Armenia | B95: 2029 | C95: 307691 | D95: 207513 | E95: =Tasas_Informalidad_Proy!$E$27 -> 52.9443 | F95: =D95*E95/100 -> 109866.31 | G95: =D95*(1-E95/100) -> 97646.695 | H95: =E95-'Historico_GEIH_2007-2026'!$M$27 -> -2.0557 | I95: =IF(C95>0,D95/C95*100,"") -> 67.442012 | J95: =IF(D95>0,(C95-D95)/D95*100,"") -> 48.27553
A96: Sincelejo | B96: 2029 | C96: 346132 | D96: 234246 | E96: =Tasas_Informalidad_Proy!$E$28 -> 66.3145 | F96: =D96*E96/100 -> 155339.06 | G96: =D96*(1-E96/100) -> 78906.936 | H96: =E96-'Historico_GEIH_2007-2026'!$M$28 -> -1.9855 | I96: =IF(C96>0,D96/C96*100,"") -> 67.675338 | J96: =IF(D96>0,(C96-D96)/D96*100,"") -> 47.764316
A97: Bogotá D.C. | B97: 2030 | C97: 7916525 | D97: 5654625 | E97: =Tasas_Informalidad_Proy!$F$6 -> 40.1204 | F97: =D97*E97/100 -> 2268658.2 | G97: =D97*(1-E97/100) -> 3385966.8 | H97: =E97-'Historico_GEIH_2007-2026'!$M$6 -> -2.4796 | I97: =IF(C97>0,D97/C97*100,"") -> 71.42812 | J97: =IF(D97>0,(C97-D97)/D97*100,"") -> 40.000884
A98: Medellín | B98: 2030 | C98: 2510536 | D98: 1744659 | E98: =Tasas_Informalidad_Proy!$F$7 -> 40.0568 | F98: =D98*E98/100 -> 698854.57 | G98: =D98*(1-E98/100) -> 1045804.4 | H98: =E98-'Historico_GEIH_2007-2026'!$M$7 -> -3.1432 | I98: =IF(C98>0,D98/C98*100,"") -> 69.493487 | J98: =IF(D98>0,(C98-D98)/D98*100,"") -> 43.898378
A99: Cali | B99: 2030 | C99: 2233593 | D99: 1540451 | E99: =Tasas_Informalidad_Proy!$F$8 -> 47.3078 | F99: =D99*E99/100 -> 728753.48 | G99: =D99*(1-E99/100) -> 811697.52 | H99: =E99-'Historico_GEIH_2007-2026'!$M$8 -> -2.9922 | I99: =IF(C99>0,D99/C99*100,"") -> 68.967399 | J99: =IF(D99>0,(C99-D99)/D99*100,"") -> 44.996043
A100: Barranquilla | B100: 2030 | C100: 1254536 | D100: 851588 | E100: =Tasas_Informalidad_Proy!$F$9 -> 53.8769 | F100: =D100*E100/100 -> 458809.22 | G100: =D100*(1-E100/100) -> 392778.78 | H100: =E100-'Historico_GEIH_2007-2026'!$M$9 -> -2.3231 | I100: =IF(C100>0,D100/C100*100,"") -> 67.880714 | J100: =IF(D100>0,(C100-D100)/D100*100,"") -> 47.317247
A101: Bucaramanga | B101: 2030 | C101: 619876 | D101: 423419 | E101: =Tasas_Informalidad_Proy!$F$10 -> 59.4238 | F101: =D101*E101/100 -> 251611.66 | G101: =D101*(1-E101/100) -> 171807.34 | H101: =E101-'Historico_GEIH_2007-2026'!$M$10 -> -2.9762 | I101: =IF(C101>0,D101/C101*100,"") -> 68.307049 | J101: =IF(D101>0,(C101-D101)/D101*100,"") -> 46.397776
...

Sheet Resumen_por_Año
A1: RESUMEN ANUAL — INFORMALIDAD NACIONAL | 2026–2042 | Fórmulas sobre Ocupados_Proy
A3: Nota: El total de informales estimados se calcula sobre la PEA 15-64 como proxy de ocupados; por ello, debe interpretarse como una estimación aproximada y no como conteo directo de ocupados efectivos..
A4: Año | B4: Promedio Ponderado (%) | C4: Mínimo (%) | D4: Máximo (%) | E4: Rango (pp) | F4: Ciudad con Menor Informalidad | G4: Ciudad con Mayor Informalidad | H4: Total Informales Estimados
A5: 2026 | B5: =SUMPRODUCT(Ocupados_Proy!$E$5:$E$27,Ocupados_Proy!$D$5:$D$27)/SUM(Ocupados_Proy!$D$5:$D$27) -> 50.920388 | C5: =MIN(Ocupados_Proy!$E$5:$E$27) -> 41.3942 | D5: =MAX(Ocupados_Proy!$E$5:$E$27) -> 77.5699 | E5: =D5-C5 -> 36.1757 | F5: =INDEX(Ocupados_Proy!$A$5:$A$27,MATCH(C5,Ocupados_Proy!$E$5:$E$27,0)) -> Bogotá D.C. | G5: =INDEX(Ocupados_Proy!$A$5:$A$27,MATCH(D5,Ocupados_Proy!$E$5:$E$27,0)) -> Quibdó | H5: =SUM(Ocupados_Proy!$F$5:$F$27) -> 8126874.5
A6: 2027 | B6: =SUMPRODUCT(Ocupados_Proy!$E$28:$E$50,Ocupados_Proy!$D$28:$D$50)/SUM(Ocupados_Proy!$D$28:$D$50) -> 50.629067 | C6: =MIN(Ocupados_Proy!$E$28:$E$50) -> 41.072 | D6: =MAX(Ocupados_Proy!$E$28:$E$50) -> 77.24 | E6: =D6-C6 -> 36.168 | F6: =INDEX(Ocupados_Proy!$A$28:$A$50,MATCH(C6,Ocupados_Proy!$E$28:$E$50,0)) -> Bogotá D.C. | G6: =INDEX(Ocupados_Proy!$A$28:$A$50,MATCH(D6,Ocupados_Proy!$E$28:$E$50,0)) -> Quibdó | H6: =SUM(Ocupados_Proy!$F$28:$F$50) -> 8095469.8
A7: 2028 | B7: =SUMPRODUCT(Ocupados_Proy!$E$51:$E$73,Ocupados_Proy!$D$51:$D$73)/SUM(Ocupados_Proy!$D$51:$D$73) -> 50.341094 | C7: =MIN(Ocupados_Proy!$E$51:$E$73) -> 40.7523 | D7: =MAX(Ocupados_Proy!$E$51:$E$73) -> 76.9114 | E7: =D7-C7 -> 36.1591 | F7: =INDEX(Ocupados_Proy!$A$51:$A$73,MATCH(C7,Ocupados_Proy!$E$51:$E$73,0)) -> Bogotá D.C. | G7: =INDEX(Ocupados_Proy!$A$51:$A$73,MATCH(D7,Ocupados_Proy!$E$51:$E$73,0)) -> Quibdó | H7: =SUM(Ocupados_Proy!$F$51:$F$73) -> 8058784.1
A8: 2029 | B8: =SUMPRODUCT(Ocupados_Proy!$E$74:$E$96,Ocupados_Proy!$D$74:$D$96)/SUM(Ocupados_Proy!$D$74:$D$96) -> 50.056273 | C8: =MIN(Ocupados_Proy!$E$74:$E$96) -> 40.4351 | D8: =MAX(Ocupados_Proy!$E$74:$E$96) -> 76.5843 | E8: =D8-C8 -> 36.1492 | F8: =INDEX(Ocupados_Proy!$A$74:$A$96,MATCH(C8,Ocupados_Proy!$E$74:$E$96,0)) -> Bogotá D.C. | G8: =INDEX(Ocupados_Proy!$A$74:$A$96,MATCH(D8,Ocupados_Proy!$E$74:$E$96,0)) -> Quibdó | H8: =SUM(Ocupados_Proy!$F$74:$F$96) -> 8018350.8
A9: 2030 | B9: =SUMPRODUCT(Ocupados_Proy!$E$97:$E$119,Ocupados_Proy!$D$97:$D$119)/SUM(Ocupados_Proy!$D$97:$D$119) -> 49.774479 | C9: =MIN(Ocupados_Proy!$E$97:$E$119) -> 40.0568 | D9: =MAX(Ocupados_Proy!$E$97:$E$119) -> 76.2585 | E9: =D9-C9 -> 36.2017 | F9: =INDEX(Ocupados_Proy!$A$97:$A$119,MATCH(C9,Ocupados_Proy!$E$97:$E$119,0)) -> Medellín | G9: =INDEX(Ocupados_Proy!$A$97:$A$119,MATCH(D9,Ocupados_Proy!$E$97:$E$119,0)) -> Quibdó | H9: =SUM(Ocupados_Proy!$F$97:$F$119) -> 7975370.8
A10: 2031 | B10: =SUMPRODUCT(Ocupados_Proy!$E$120:$E$142,Ocupados_Proy!$D$120:$D$142)/SUM(Ocupados_Proy!$D$120:$D$142) -> 49.495511 | C10: =MIN(Ocupados_Proy!$E$120:$E$142) -> 39.6631 | D10: =MAX(Ocupados_Proy!$E$120:$E$142) -> 75.9342 | E10: =D10-C10 -> 36.2711 | F10: =INDEX(Ocupados_Proy!$A$120:$A$142,MATCH(C10,Ocupados_Proy!$E$120:$E$142,0)) -> Medellín | G10: =INDEX(Ocupados_Proy!$A$120:$A$142,MATCH(D10,Ocupados_Proy!$E$120:$E$142,0)) -> Quibdó | H10: =SUM(Ocupados_Proy!$F$120:$F$142) -> 7930211.4
A11: 2032 | B11: =SUMPRODUCT(Ocupados_Proy!$E$143:$E$165,Ocupados_Proy!$D$143:$D$165)/SUM(Ocupados_Proy!$D$143:$D$165) -> 49.219419 | C11: =MIN(Ocupados_Proy!$E$143:$E$165) -> 39.2732 | D11: =MAX(Ocupados_Proy!$E$143:$E$165) -> 75.6112 | E11: =D11-C11 -> 36.338 | F11: =INDEX(Ocupados_Proy!$A$143:$A$165,MATCH(C11,Ocupados_Proy!$E$143:$E$165,0)) -> Medellín | G11: =INDEX(Ocupados_Proy!$A$143:$A$165,MATCH(D11,Ocupados_Proy!$E$143:$E$165,0)) -> Quibdó | H11: =SUM(Ocupados_Proy!$F$143:$F$165) -> 7883378.8
A12: 2033 | B12: =SUMPRODUCT(Ocupados_Proy!$E$166:$E$188,Ocupados_Proy!$D$166:$D$188)/SUM(Ocupados_Proy!$D$166:$D$188) -> 48.945838 | C12: =MIN(Ocupados_Proy!$E$166:$E$188) -> 38.8871 | D12: =MAX(Ocupados_Proy!$E$166:$E$188) -> 75.2896 | E12: =D12-C12 -> 36.4025 | F12: =INDEX(Ocupados_Proy!$A$166:$A$188,MATCH(C12,Ocupados_Proy!$E$166:$E$188,0)) -> Medellín | G12: =INDEX(Ocupados_Proy!$A$166:$A$188,MATCH(D12,Ocupados_Proy!$E$166:$E$188,0)) -> Quibdó | H12: =SUM(Ocupados_Proy!$F$166:$F$188) -> 7834945.9
A13: 2034 | B13: =SUMPRODUCT(Ocupados_Proy!$E$189:$E$211,Ocupados_Proy!$D$189:$D$211)/SUM(Ocupados_Proy!$D$189:$D$211) -> 48.675116 | C13: =MIN(Ocupados_Proy!$E$189:$E$211) -> 38.5049 | D13: =MAX(Ocupados_Proy!$E$189:$E$211) -> 74.9694 | E13: =D13-C13 -> 36.4645 | F13: =INDEX(Ocupados_Proy!$A$189:$A$211,MATCH(C13,Ocupados_Proy!$E$189:$E$211,0)) -> Medellín | G13: =INDEX(Ocupados_Proy!$A$189:$A$211,MATCH(D13,Ocupados_Proy!$E$189:$E$211,0)) -> Quibdó | H13: =SUM(Ocupados_Proy!$F$189:$F$211) -> 7784071.9
A14: 2035 | B14: =SUMPRODUCT(Ocupados_Proy!$E$212:$E$234,Ocupados_Proy!$D$212:$D$234)/SUM(Ocupados_Proy!$D$212:$D$234) -> 48.406669 | C14: =MIN(Ocupados_Proy!$E$212:$E$234) -> 38.1264 | D14: =MAX(Ocupados_Proy!$E$212:$E$234) -> 74.6505 | E14: =D14-C14 -> 36.5241 | F14: =INDEX(Ocupados_Proy!$A$212:$A$234,MATCH(C14,Ocupados_Proy!$E$212:$E$234,0)) -> Medellín | G14: =INDEX(Ocupados_Proy!$A$212:$A$234,MATCH(D14,Ocupados_Proy!$E$212:$E$234,0)) -> Quibdó | H14: =SUM(Ocupados_Proy!$F$212:$F$234) -> 7732432
A15: 2036 | B15: =SUMPRODUCT(Ocupados_Proy!$E$235:$E$257,Ocupados_Proy!$D$235:$D$257)/SUM(Ocupados_Proy!$D$235:$D$257) -> 48.141651 | C15: =MIN(Ocupados_Proy!$E$235:$E$257) -> 37.7516 | D15: =MAX(Ocupados_Proy!$E$235:$E$257) -> 74.333 | E15: =D15-C15 -> 36.5814 | F15: =INDEX(Ocupados_Proy!$A$235:$A$257,MATCH(C15,Ocupados_Proy!$E$235:$E$257,0)) -> Medellín | G15: =INDEX(Ocupados_Proy!$A$235:$A$257,MATCH(D15,Ocupados_Proy!$E$235:$E$257,0)) -> Quibdó | H15: =SUM(Ocupados_Proy!$F$235:$F$257) -> 7681033.2
A16: 2037 | B16: =SUMPRODUCT(Ocupados_Proy!$E$258:$E$280,Ocupados_Proy!$D$258:$D$280)/SUM(Ocupados_Proy!$D$258:$D$280) -> 47.879272 | C16: =MIN(Ocupados_Proy!$E$258:$E$280) -> 37.3805 | D16: =MAX(Ocupados_Proy!$E$258:$E$280) -> 74.0168 | E16: =D16-C16 -> 36.6363 | F16: =INDEX(Ocupados_Proy!$A$258:$A$280,MATCH(C16,Ocupados_Proy!$E$258:$E$280,0)) -> Medellín | G16: =INDEX(Ocupados_Proy!$A$258:$A$280,MATCH(D16,Ocupados_Proy!$E$258:$E$280,0)) -> Quibdó | H16: =SUM(Ocupados_Proy!$F$258:$F$280) -> 7628272.5
A17: 2038 | B17: =SUMPRODUCT(Ocupados_Proy!$E$281:$E$303,Ocupados_Proy!$D$281:$D$303)/SUM(Ocupados_Proy!$D$281:$D$303) -> 47.61969 | C17: =MIN(Ocupados_Proy!$E$281:$E$303) -> 37.0131 | D17: =MAX(Ocupados_Proy!$E$281:$E$303) -> 73.702 | E17: =D17-C17 -> 36.6889 | F17: =INDEX(Ocupados_Proy!$A$281:$A$303,MATCH(C17,Ocupados_Proy!$E$281:$E$303,0)) -> Medellín | G17: =INDEX(Ocupados_Proy!$A$281:$A$303,MATCH(D17,Ocupados_Proy!$E$281:$E$303,0)) -> Quibdó | H17: =SUM(Ocupados_Proy!$F$281:$F$303) -> 7573911.2
A18: 2039 | B18: =SUMPRODUCT(Ocupados_Proy!$E$304:$E$326,Ocupados_Proy!$D$304:$D$326)/SUM(Ocupados_Proy!$D$304:$D$326) -> 47.363259 | C18: =MIN(Ocupados_Proy!$E$304:$E$326) -> 36.6493 | D18: =MAX(Ocupados_Proy!$E$304:$E$326) -> 73.3885 | E18: =D18-C18 -> 36.7392 | F18: =INDEX(Ocupados_Proy!$A$304:$A$326,MATCH(C18,Ocupados_Proy!$E$304:$E$326,0)) -> Medellín | G18: =INDEX(Ocupados_Proy!$A$304:$A$326,MATCH(D18,Ocupados_Proy!$E$304:$E$326,0)) -> Quibdó | H18: =SUM(Ocupados_Proy!$F$304:$F$326) -> 7517512.5
A19: 2040 | B19: =SUMPRODUCT(Ocupados_Proy!$E$327:$E$349,Ocupados_Proy!$D$327:$D$349)/SUM(Ocupados_Proy!$D$327:$D$349) -> 47.110067 | C19: =MIN(Ocupados_Proy!$E$327:$E$349) -> 36.289 | D19: =MAX(Ocupados_Proy!$E$327:$E$349) -> 73.0764 | E19: =D19-C19 -> 36.7874 | F19: =INDEX(Ocupados_Proy!$A$327:$A$349,MATCH(C19,Ocupados_Proy!$E$327:$E$349,0)) -> Medellín | G19: =INDEX(Ocupados_Proy!$A$327:$A$349,MATCH(D19,Ocupados_Proy!$E$327:$E$349,0)) -> Quibdó | H19: =SUM(Ocupados_Proy!$F$327:$F$349) -> 7458486
A20: 2041 | B20: =SUMPRODUCT(Ocupados_Proy!$E$350:$E$372,Ocupados_Proy!$D$350:$D$372)/SUM(Ocupados_Proy!$D$350:$D$372) -> 46.860099 | C20: =MIN(Ocupados_Proy!$E$350:$E$372) -> 35.9323 | D20: =MAX(Ocupados_Proy!$E$350:$E$372) -> 72.7655 | E20: =D20-C20 -> 36.8332 | F20: =INDEX(Ocupados_Proy!$A$350:$A$372,MATCH(C20,Ocupados_Proy!$E$350:$E$372,0)) -> Medellín | G20: =INDEX(Ocupados_Proy!$A$350:$A$372,MATCH(D20,Ocupados_Proy!$E$350:$E$372,0)) -> Quibdó | H20: =SUM(Ocupados_Proy!$F$350:$F$372) -> 7395478.6
A21: 2042 | B21: =SUMPRODUCT(Ocupados_Proy!$E$373:$E$395,Ocupados_Proy!$D$373:$D$395)/SUM(Ocupados_Proy!$D$373:$D$395) -> 46.614078 | C21: =MIN(Ocupados_Proy!$E$373:$E$395) -> 35.5791 | D21: =MAX(Ocupados_Proy!$E$373:$E$395) -> 72.456 | E21: =D21-C21 -> 36.8769 | F21: =INDEX(Ocupados_Proy!$A$373:$A$395,MATCH(C21,Ocupados_Proy!$E$373:$E$395,0)) -> Medellín | G21: =INDEX(Ocupados_Proy!$A$373:$A$395,MATCH(D21,Ocupados_Proy!$E$373:$E$395,0)) -> Quibdó | H21: =SUM(Ocupados_Proy!$F$373:$F$395) -> 7327718.6

Sheet Historico_GEIH_2007-2026
A1: TASAS HISTÓRICAS DE INFORMALIDAD — DANE GEIH 2007-2026 | (% Ocupados Informales / Total Ocupados)
A3: Fuente: DANE — Gran Encuesta Integrada de Hogares (GEIH). 2007-2024: serie histórica existente. 2025: promedio simple de trimestres móviles Ene-mar a Oct-dic 2025 tomado de la hoja “Prop informalidad”. 2026: dato parcial Ene-mar 2026, no promedio anual.
A5: Ciudad | B5: 2007 | C5: 2008 | D5: 2009 | E5: 2010 | F5: 2011 | G5: 2012 | H5: 2013 | I5: 2014 | J5: 2015 | K5: 2016 | L5: 2017 | M5: 2018 | N5: 2019 | O5: 2020 | P5: 2021 | Q5: 2022 | R5: 2023 | S5: 2024 | T5: 2025 | U5: 2026
A6: Bogotá D.C. | B6: 47.8 | C6: 47.2 | D6: 46.8 | E6: 46.1 | F6: 45.5 | G6: 44.8 | H6: 44.2 | I6: 44.2 | J6: 43.8 | K6: 43.5 | L6: 43.1 | M6: 42.6 | N6: 42 | O6: 45.8 | P6: 44.2 | Q6: 42.9 | R6: 42.2 | S6: 41.8 | T6: 35.4649 | U6: 34.0393
A7: Medellín | B7: 50.2 | C7: 49.5 | D7: 48.8 | E7: 47.9 | F7: 47.1 | G7: 46.2 | H7: 45.3 | I7: 44.9 | J7: 44.5 | K7: 44.1 | L7: 43.5 | M7: 43.2 | N7: 42.7 | O7: 46.5 | P7: 45.1 | Q7: 43.8 | R7: 43.1 | S7: 42.5 | T7: 38.7395 | U7: 38.4318
A8: Cali | B8: 56.5 | C8: 55.8 | D8: 55.1 | E8: 54.5 | F8: 53.8 | G8: 53.1 | H8: 52.5 | I8: 52.2 | J8: 51.9 | K8: 51.4 | L8: 50.8 | M8: 50.3 | N8: 49.7 | O8: 53.2 | P8: 51.8 | Q8: 50.4 | R8: 49.7 | S8: 49.1 | T8: 46.4605 | U8: 47.0456
A9: Barranquilla | B9: 61.9 | C9: 61.2 | D9: 60.5 | E9: 59.8 | F9: 59.2 | G9: 58.4 | H9: 57.9 | I9: 57.8 | J9: 57.5 | K9: 57.1 | L9: 56.7 | M9: 56.2 | N9: 55.8 | O9: 59.5 | P9: 58.3 | Q9: 57 | R9: 56.4 | S9: 55.9 | T9: 52.7322 | U9: 51.6121
A10: Bucaramanga | B10: 69.2 | C10: 68.5 | D10: 67.8 | E10: 67.1 | F10: 66.4 | G10: 65.5 | H10: 64.8 | I10: 64.2 | J10: 63.8 | K10: 63.2 | L10: 62.8 | M10: 62.4 | N10: 61.8 | O10: 65.5 | P10: 64.5 | Q10: 63.3 | R10: 62.5 | S10: 62 | T10: 45.7197 | U10: 42.6957
A11: Manizales | B11: 56.1 | C11: 55.4 | D11: 54.7 | E11: 54.1 | F11: 53.4 | G11: 52.6 | H11: 52.1 | I11: 51.8 | J11: 51.5 | K11: 51 | L11: 50.5 | M11: 49.9 | N11: 49.4 | O11: 52.8 | P11: 51.5 | Q11: 50.4 | R11: 49.5 | S11: 49.1 | T11: 36.8349 | U11: 35.1318
A12: Pasto | B12: 73.8 | C12: 73.1 | D12: 72.5 | E12: 72 | F12: 71.4 | G12: 70.5 | H12: 70.2 | I12: 70.1 | J12: 69.9 | K12: 69.6 | L12: 69.2 | M12: 68.9 | N12: 68.5 | O12: 71.8 | P12: 70.8 | Q12: 69.7 | R12: 68.8 | S12: 68.4 | T12: 56.5371 | U12: 54.4881
A13: Pereira | B13: 63.5 | C13: 62.8 | D13: 62.1 | E13: 61.5 | F13: 60.8 | G13: 60 | H13: 59.5 | I13: 59.3 | J13: 59 | K13: 58.5 | L13: 58 | M13: 57.5 | N13: 57 | O13: 61 | P13: 59.8 | Q13: 58.6 | R13: 57.8 | S13: 57.3 | T13: 40.6873 | U13: 39.3332
A14: Cúcuta | B14: 76.9 | C14: 76.2 | D14: 75.5 | E14: 74.8 | F14: 74.1 | G14: 73.2 | H14: 72.5 | I14: 72 | J14: 71.6 | K14: 71.1 | L14: 70.7 | M14: 70.3 | N14: 69.8 | O14: 73.5 | P14: 72.5 | Q14: 71.3 | R14: 70.5 | S14: 70.1 | T14: 62.13 | U14: 62.2944
A15: Ibagué | B15: 66.1 | C15: 65.4 | D15: 64.7 | E15: 64.1 | F15: 63.4 | G15: 63 | H15: 62.5 | I15: 62.2 | J15: 62 | K15: 61.5 | L15: 61 | M15: 60.5 | N15: 60 | O15: 64 | P15: 62.9 | Q15: 61.8 | R15: 61.1 | S15: 60.6 | T15: 48.5406 | U15: 45.3417
A16: Montería | B16: 80.2 | C16: 79.5 | D16: 78.8 | E16: 78.2 | F16: 77.5 | G16: 77 | H16: 76.5 | I16: 76 | J16: 75.7 | K16: 75.2 | L16: 74.8 | M16: 74.4 | N16: 73.9 | O16: 77.5 | P16: 76.5 | Q16: 75.4 | R16: 74.5 | S16: 74.1 | T16: 61.6021 | U16: 55.8173
A17: Cartagena | B17: 61.5 | C17: 60.8 | D17: 60.2 | E17: 59.5 | F17: 58.8 | G17: 58.2 | H17: 57.8 | I17: 57.5 | J17: 57.2 | K17: 56.9 | L17: 56.5 | M17: 56.1 | N17: 55.6 | O17: 59.5 | P17: 58.2 | Q17: 57 | R17: 56.3 | S17: 55.8 | T17: 49.3058 | U17: 45.7121
... A31: Índice κₜ Lee-Carter (histórico) | B31: 1.357218 | C31: 1.12127 | D31: 0.890735 | E31: 0.662383 | F31: 0.417758 | G31: 0.163599 | H31: -0.031979 | I31: -0.132755 | J31: -0.246582 | K31: -0.402153 | L31: -0.568229 | M31: -0.72807 | N31: -0.918812 | O31: 0.443569 | P31: 0.007617 | Q31: -0.427199 | R31: -0.713197 | S31: -0.895172 | T31: -4.7149617 | U31: -5.6456896

Sheet Params_Lee-Carter
A1: PARÁMETROS DEL MODELO LEE-CARTER | SVD + ARIMA(0,1,0) con deriva
A4: A. BONDAD DE AJUSTE DEL MODELO
A5: Varianza explicada — 1er factor SVD | B5: 99.1% | C5: Un solo factor captura el 99.1% de la variación común entre ciudades
A6: Deriva de κₜ (drift anual) | B6: -0.132494 | C6: Valor negativo → tendencia secular de reducción de informalidad
A7: Desv. estándar innovaciones σε | B7: 0.3844 | C7: Base para cálculo de IC al 95%: ±1.96 × σε × √h
A8: Período de calibración | B8: 2007–2024 | C8: 18 observaciones anuales por ciudad
A9: Ciudades cubiertas | B9: 23 | C9: Cobertura GEIH — 13 ciudades originales + 10 ampliadas
A12: B. PARÁMETROS POR CIUDAD | aᶜ y bᶜ : hardcoded (modelo) | Tasas y cambio: fórmulas
A13: Ciudad | B13: aᶜ (media log-tasa) | C13: bᶜ (carga factorial) | D13: Tasa Base 2018 (%) | E13: Tasa Proy. 2026 (%) | F13: Cambio 2018→2042 (pp)
A14: Bogotá D.C. | B14: -0.813608 | C14: 0.058977 | D14: ='Historico_GEIH_2007-2026'!$M$6 -> 42.6 | E14: =Tasas_Informalidad_Proy!$B$6 -> 41.3942 | F14: =Tasas_Informalidad_Proy!$R$6-'Historico_GEIH_2007-2026'!$M$6 -> -6.0707
A15: Medellín | B15: -0.78886 | C15: 0.074557 | D15: ='Historico_GEIH_2007-2026'!$M$7 -> 43.2 | E15: =Tasas_Informalidad_Proy!$B$7 -> 41.6713 | F15: =Tasas_Informalidad_Proy!$R$7-'Historico_GEIH_2007-2026'!$M$7 -> -7.6209
A16: Cali | B16: -0.648566 | C16: 0.059125 | D16: ='Historico_GEIH_2007-2026'!$M$8 -> 50.3 | E16: =Tasas_Informalidad_Proy!$B$8 -> 48.8136 | F16: =Tasas_Informalidad_Proy!$R$8-'Historico_GEIH_2007-2026'!$M$8 -> -7.2367
A17: Barranquilla | B17: -0.542227 | C17: 0.04511 | D17: ='Historico_GEIH_2007-2026'!$M$9 -> 56.2 | E17: =Tasas_Informalidad_Proy!$B$9 -> 55.1804 | F17: =Tasas_Informalidad_Proy!$R$9-'Historico_GEIH_2007-2026'!$M$9 -> -6.0519
A18: Bucaramanga | B18: -0.435391 | C18: 0.050342 | D18: ='Historico_GEIH_2007-2026'!$M$10 -> 62.4 | E18: =Tasas_Informalidad_Proy!$B$10 -> 61.0305 | F18: =Tasas_Informalidad_Proy!$R$10-'Historico_GEIH_2007-2026'!$M$10 -> -7.5471
A19: Manizales | B19: -0.654906 | C19: 0.057507 | D19: ='Historico_GEIH_2007-2026'!$M$11 -> 49.9 | E19: =Tasas_Informalidad_Proy!$B$11 -> 48.5963 | F19: =Tasas_Informalidad_Proy!$R$11-'Historico_GEIH_2007-2026'!$M$11 -> -6.8812
A20: Pasto | B20: -0.349644 | C20: 0.032627 | D20: ='Historico_GEIH_2007-2026'!$M$12 -> 68.9 | E20: =Tasas_Informalidad_Proy!$B$12 -> 67.8754 | F20: =Tasas_Informalidad_Proy!$R$12-'Historico_GEIH_2007-2026'!$M$12 -> -5.5605
A21: Pereira | B21: -0.51689 | C21: 0.046493 | D21: ='Historico_GEIH_2007-2026'!$M$13 -> 57.5 | E21: =Tasas_Informalidad_Proy!$B$13 -> 56.5056 | F21: =Tasas_Informalidad_Proy!$R$13-'Historico_GEIH_2007-2026'!$M$13 -> -6.298
A22: Cúcuta | B22: -0.32078 | C22: 0.04289 | D22: ='Historico_GEIH_2007-2026'!$M$14 -> 70.3 | E22: =Tasas_Informalidad_Proy!$B$14 -> 69.0362 | F22: =Tasas_Informalidad_Proy!$R$14-'Historico_GEIH_2007-2026'!$M$14 -> -7.2638
A23: Ibagué | B23: -0.468771 | C23: 0.039823 | D23: ='Historico_GEIH_2007-2026'!$M$15 -> 60.5 | E23: =Tasas_Informalidad_Proy!$B$15 -> 59.7518 | F23: =Tasas_Informalidad_Proy!$R$15-'Historico_GEIH_2007-2026'!$M$15 -> -5.5854
A24: Montería | B24: -0.26911 | C24: 0.035441 | D24: ='Historico_GEIH_2007-2026'!$M$16 -> 74.4 | E24: =Tasas_Informalidad_Proy!$B$16 -> 73.328 | F24: =Tasas_Informalidad_Proy!$R$16-'Historico_GEIH_2007-2026'!$M$16 -> -6.3792
A25: Cartagena | B25: -0.545733 | C25: 0.043345 | D25: ='Historico_GEIH_2007-2026'!$M$17 -> 56.1 | E25: =Tasas_Informalidad_Proy!$B$17 -> 55.1 | F25: =Tasas_Informalidad_Proy!$R$17-'Historico_GEIH_2007-2026'!$M$17 -> -5.8374
A26: Villavicencio | B26: -0.458455 | C26: 0.040662 | D26: ='Historico_GEIH_2007-2026'!$M$18 -> 61.3 | E26: =Tasas_Informalidad_Proy!$B$18 -> 60.3126 | F26: =Tasas_Informalidad_Proy!$R$18-'Historico_GEIH_2007-2026'!$M$18 -> -5.9685
A27: Tunja | B27: -0.462474 | C27: 0.039098 | D27: ='Historico_GEIH_2007-2026'!$M$19 -> 61.2 | E27: =Tasas_Informalidad_Proy!$B$19 -> 60.1797 | F27: =Tasas_Informalidad_Proy!$R$19-'Historico_GEIH_2007-2026'!$M$19 -> -5.8071
A28: Florencia | B28: -0.25472 | C28: 0.033525 | D28: ='Historico_GEIH_2007-2026'!$M$20 -> 75.5 | E28: =Tasas_Informalidad_Proy!$B$20 -> 74.5564 | F28: =Tasas_Informalidad_Proy!$R$20-'Historico_GEIH_2007-2026'!$M$20 -> -6.0584
A29: Popayán | B29: -0.343482 | C29: 0.035332 | D29: ='Historico_GEIH_2007-2026'!$M$21 -> 69 | E29: =Tasas_Informalidad_Proy!$B$21 -> 68.081 | F29: =Tasas_Informalidad_Proy!$R$21-'Historico_GEIH_2007-2026'!$M$21 -> -5.832
A30: Valledupar | B30: -0.363356 | C30: 0.036926 | D30: ='Historico_GEIH_2007-2026'!$M$22 -> 67.6 | E30: =Tasas_Informalidad_Proy!$B$22 -> 66.6179 | F30: =Tasas_Informalidad_Proy!$R$22-'Historico_GEIH_2007-2026'!$M$22 -> -5.998
A31: Quibdó | B31: -0.216667 | C31: 0.032171 | D31: ='Historico_GEIH_2007-2026'!$M$23 -> 78.5 | E31: =Tasas_Informalidad_Proy!$B$23 -> 77.5699 | F31: =Tasas_Informalidad_Proy!$R$23-'Historico_GEIH_2007-2026'!$M$23 -> -6.044
A32: Neiva | B32: -0.402215 | C32: 0.037785 | D32: ='Historico_GEIH_2007-2026'!$M$24 -> 65 | E32: =Tasas_Informalidad_Proy!$B$24 -> 64.0151 | F32: =Tasas_Informalidad_Proy!$R$24-'Historico_GEIH_2007-2026'!$M$24 -> -5.9126
A33: Riohacha | B33: -0.284547 | C33: 0.034143 | D33: ='Historico_GEIH_2007-2026'!$M$25 -> 73.3 | E33: =Tasas_Informalidad_Proy!$B$25 -> 72.3136 | F33: =Tasas_Informalidad_Proy!$R$25-'Historico_GEIH_2007-2026'!$M$25 -> -6.0356
A34: Santa Marta | B34: -0.501186 | C34: 0.041965 | D34: ='Historico_GEIH_2007-2026'!$M$26 -> 58.7 | E34: =Tasas_Informalidad_Proy!$B$26 -> 57.7023 | F34: =Tasas_Informalidad_Proy!$R$26-'Historico_GEIH_2007-2026'!$M$26 -> -5.9093
A35: Armenia | B35: -0.565224 | C35: 0.045393 | D35: ='Historico_GEIH_2007-2026'!$M$27 -> 55 | E35: =Tasas_Informalidad_Proy!$B$27 -> 53.9082 | F35: =Tasas_Informalidad_Proy!$R$27-'Historico_GEIH_2007-2026'!$M$27 -> -6.0376
A36: Sincelejo | B36: -0.353498 | C36: 0.036763 | D36: ='Historico_GEIH_2007-2026'!$M$28 -> 68.3 | E36: =Tasas_Informalidad_Proy!$B$28 -> 67.2907 | F36: =Tasas_Informalidad_Proy!$R$28-'Historico_GEIH_2007-2026'!$M$28 -> -6.0544
A39: C. ÍNDICE TEMPORAL κₜ — HISTÓRICO (observado) Y PROYECTADO (ARIMA RWD)
A40: Año | B40: κₜ Observado | C40: κₜ Proyectado (central) | D40: κₜ IC Bajo 95% | E40: κₜ IC Alto 95% | F40: Tipo
A41: 2007 | B41: 1.357218 | F41: Observado
A42: 2008 | B42: 1.12127 | F42: Observado
A43: 2009 | B43: 0.890735 | F43: Observado
A44: 2010 | B44: 0.662383 | F44: Observado
A45: 2011 | B45: 0.417758 | F45: Observado
A46: 2012 | B46: 0.163599 | F46: Observado
A47: 2013 | B47: -0.031979 | F47: Observado
A48: 2014 | B48: -0.132755 | F48: Observado
A49: 2015 | B49: -0.246582 | F49: Observado
A50: 2016 | B50: -0.402153 | F50: Observado
A51: 2017 | B51: -0.568229 | F51: Observado
A52: 2018 | B52: -0.72807 | F52: Observado
... A58: 2024 | B58: -0.895172 | F58: Observado
A59: 2025 | C59: -1.027666 | D59: -1.781118 | E59: -0.274214 | F59: Proyectado
A60: 2026 | C60: -1.160159 | D60: -2.225701 | E60: -0.094618 | F60: Proyectado
A61: 2027 | C61: -1.292653 | D61: -2.59767 | E61: 0.012364 | F61: Proyectado
A62: 2028 | C62: -1.425147 | D62: -2.93205 | E62: 0.081757 | F62: Proyectado
A63: 2029 | C63: -1.55764 | D63: -3.24241 | E63: 0.12713 | F63: Proyectado
A64: 2030 | C64: -1.690134 | D64: -3.535706 | E64: 0.155439 | F64: Proyectado
A65: 2031 | C65: -1.822627 | D65: -3.816074 | E65: 0.170819 | F65: Proyectado
A66: 2032 | C66: -1.955121 | D66: -4.086205 | E66: 0.175963 | F66: Proyectado
A67: 2033 | C67: -2.087614 | D67: -4.34797 | E67: 0.172741 | F67: Proyectado
A68: 2034 | C68: -2.220108 | D68: -4.602732 | E68: 0.162516 | F68: Proyectado
A69: 2035 | C69: -2.352602 | D69: -4.851519 | E69: 0.146316 | F69: Proyectado
A70: 2036 | C70: -2.485095 | D70: -5.095129 | E70: 0.124939 | F70: Proyectado
... A76: 2042 | C76: -3.280057 | D76: -6.476682 | E76: -0.083431 | F76: Proyectado

Sheet Nota_Metodologica
A1: NOTA TÉCNICO-METODOLÓGICA — PROYECCIÓN DE TASAS DE INFORMALIDAD
A4: 1. OBJETIVO
A5: Proyectar las tasas de informalidad laboral para 23 ciudades colombianas en el horizonte 2026–2042, siguiendo los criterios metodológicos de la Actualización PPED 2025 del DANE (Proyecciones de Población y Estudios Demográficos, julio 2025).
A7: 2. FUENTES DE INFORMACIÓN
A8: • Insumo poblacional: DANE PPED 2025 — Archivo PPED-AreaSexoEdadMun-2018-2042_VP.xlsx. Proyecciones de PEA (15–64 años) por municipio, área, sexo y edades simples. • Tasas históricas: DANE — Gran Encuesta Integrada de Hogares (GEIH), promedios anuales 2007-2024. Criterio de informalidad: ocupados en establecimientos con 5 o menos trabajadores. • Referencia metodológica: DANE, Dirección de Censos y Demografía, Nota Técnica PPED Julio 2025.
A10: 3. MODELO LEE-CARTER ADAPTADO
A11: El modelo Lee-Carter (1992), utilizado por el DANE adaptado para proyectar tasas específicas de fecundidad (ver Nota Técnica PPED Jul-2025, sección 2.4), se aplica aquí a las tasas de informalidad laboral: ln(r_{c,t}) = a_c + b_c × κ_t + ε_{c,t} donde: • r_{c,t} = tasa de informalidad de la ciudad c en el año t • a_c = efecto de ciudad (media temporal del log de la tasa) • b_c = carga factorial (sensibilidad de cada ciudad al cambio temporal) • κ_t = índice temporal común (captura la tendencia secular) • ε_{c,t} = error idiosincrático ESTIMACIÓN: Descomposición en Valores Singulares (SVD) de la matriz de logs demediados. Se retiene el primer componente, que explica el 99.1% de la varianza total.
A13: 4. PROYECCIÓN DE κₜ — RANDOM WALK CON DERIVA (ARIMA(0,1,0))
A14: Siguiendo a Lee y Carter (1992) y al procedimiento del DANE para tasas específicas de fecundidad, el índice κₜ se proyecta mediante ARIMA(0,1,0) con intercepto: Δκ_t = d + ε_t, ε_t ~ N(0, σ²_ε) Deriva estimada: d = -0.132494 (valor negativo → informalidad tiende a bajar) σε = 0.3844 Intervalos de confianza al 95%: κ_{{T+h}} ± 1.96 × σε × √h
A16: 5. PEA COMO PROXY DE OCUPADOS — ACLARACIÓN CONCEPTUAL
A17: La tasa de informalidad se define estadísticamente sobre el total de ocupados (no sobre la PEA bruta). Sin embargo, dado que no se disponen de proyecciones independientes de ocupados para el horizonte 2026-2042, la PEA 15-64 del PPED se utiliza como denominador proxy: Ocupados Informales_{c,t} = PEA_{c,t} × r_{c,t} Ocupados Formales_{c,t} = PEA_{c,t} × (1 - r_{c,t}) Esta aproximación asume implícitamente que la tasa de participación laboral efectiva (ocupados/PEA) se mantiene estable a lo largo del horizonte de proyección. Los resultados deben interpretarse como estimaciones proyectadas, no como cifras definitivas.
A19: 6. CONVERGENCIA Y HETEROGENEIDAD ENTRE CIUDADES
... A26: • Lee, R.D. & Carter, L.R. (1992). Modeling and Forecasting U.S. Mortality. JASA, 87(419). • DANE (2025). Nota Técnica PPED — Proyecciones de Población, Actualización 2025. • DANE (2024). Gran Encuesta Integrada de Hogares — Mercado Laboral. Informalidad. • Azose, J.J. & Raftery, A.E. (2015). Bayesian Probabilistic Projection of Migration. Demography. • Rogers, A. (2015). Applied Multiregional Demography. Springer.
